Name,Data
ScaSchedule,System.Byte[]
ScaExecute,System.Byte[]
IIsSchedule,System.Byte[]
IIsExecute,System.Byte[]
SecurityCA,System.Byte[]
CA,System.Byte[]
OK.ico,System.Byte[]
Fail.ico,System.Byte[]
Warn.ico,System.Byte[]
Blank.ico,System.Byte[]
WixUI_Bmp_Banner,System.Byte[]
WixUI_Bmp_Dialog,System.Byte[]
WixUI_Ico_Exclam,System.Byte[]
WixUI_Ico_Info,System.Byte[]
WixUI_Bmp_New,System.Byte[]
WixUI_Bmp_Up,System.Byte[]
WixCA,System.Byte[]
WixUIWixca,System.Byte[]
_A9A8D1A9685D95D419C671CB024E4B7F,System.Byte[]
SxsUninstallCA,System.Byte[]
