Feature_,Component_
FeatureService,HealthManagement.ClearAppDataFolder
FeatureService,Citect.Ampla.ConfigurableServiceTypes.config
FeatureService,Citect.Ampla.InstalledReferences.config
FeatureService,Citect.Ampla.Notification.Client.exe.config
FeatureService,Citect.Ampla.ServiceConfiguration.config
FeatureService,Citect.Ampla.ServiceModel.Extensions.config
FeatureService,Citect.Ampla.ServiceModel.Behaviors.config
FeatureService,Citect.Ampla.ServiceModel.Bindings.config
FeatureService,Citect.Ampla.ServiceModel.Clients.config
FeatureService,Citect.Ampla.ServiceModel.Services.config
FeatureService,Citect.Ampla.Workflow.ConsoleHost.exe.config
FeatureService,Citect.Ampla.Workflow.ServiceHost.exe.config
FeatureService,Citect.Ampla.Workflow.ServiceModel.Services.config
FeatureService,Citect.Ampla.Notification.Client.exe
FeatureService,Citect.Ampla.Workflow.ConsoleHost.exe
FeatureService,Citect.Ampla.Workflow.ConsoleHost.pdb
FeatureService,Citect.Ampla.Workflow.ServiceHost.exe
FeatureService,Citect.Ampla.Workflow.ServiceHost.pdb
FeatureService,Citect.Ampla.ActiveReports.Server.dll
FeatureService,Citect.Ampla.ActiveReports.Server.pdb
FeatureService,Citect.Ampla.Connectors.FileConnector.dll
FeatureService,Citect.Ampla.Connectors.FileConnector.pdb
FeatureService,Citect.Ampla.Connectors.SerialConnectors.dll
FeatureService,Citect.Ampla.Connectors.SerialConnectors.pdb
FeatureService,Citect.Ampla.Cost.Server.dll
FeatureService,Citect.Ampla.Cost.Server.pdb
FeatureService,Citect.Ampla.Downtime.Server.ActiveReports.dll
FeatureService,Citect.Ampla.Downtime.Server.ActiveReports.pdb
FeatureService,Citect.Ampla.Downtime.Server.dll
FeatureService,Citect.Ampla.Downtime.Server.pdb
FeatureService,Citect.Ampla.Energy.Server.dll
FeatureService,Citect.Ampla.Energy.Server.pdb
FeatureService,Citect.Ampla.Framework.Extras.dll
FeatureService,Citect.Ampla.Framework.Extras.pdb
FeatureService,Citect.Ampla.General.Common.Chart.dll
FeatureService,Citect.Ampla.General.Common.Chart.pdb
FeatureService,Citect.Ampla.General.Common.dll
FeatureService,Citect.Ampla.General.Common.pdb
FeatureService,Citect.Ampla.General.Common.Gui.dll
FeatureService,Citect.Ampla.General.Common.Gui.pdb
FeatureService,Citect.Ampla.General.Common.Parsers.dll
FeatureService,Citect.Ampla.General.Common.Parsers.pdb
FeatureService,Citect.Ampla.General.Server.ActiveReports.dll
FeatureService,Citect.Ampla.General.Server.ActiveReports.pdb
FeatureService,Citect.Ampla.General.Server.dll
FeatureService,Citect.Ampla.General.Server.pdb
FeatureService,Citect.Ampla.Inventory.Server.dll
FeatureService,Citect.Ampla.Inventory.Server.pdb
FeatureService,Citect.Ampla.Knowledge.Server.dll
FeatureService,Citect.Ampla.Knowledge.Server.pdb
FeatureService,Citect.Ampla.Maintenance.Server.dll
FeatureService,Citect.Ampla.Maintenance.Server.pdb
FeatureService,Citect.Ampla.MasterData.Activities.dll
FeatureService,Citect.Ampla.MasterData.Activities.pdb
FeatureService,Citect.Ampla.MasterData.Server.dll
FeatureService,Citect.Ampla.MasterData.Server.pdb
FeatureService,Citect.Ampla.MasterData.Workflows.dll
FeatureService,Citect.Ampla.MasterData.Workflows.pdb
FeatureService,Citect.Ampla.MessageQueue.Server.dll
FeatureService,Citect.Ampla.MessageQueue.Server.pdb
FeatureService,Citect.Ampla.Metrics.Server.dll
FeatureService,Citect.Ampla.Metrics.Server.pdb
FeatureService,Citect.Ampla.Modules.Common.dll
FeatureService,Citect.Ampla.Modules.Common.pdb
FeatureService,Citect.Ampla.MSSQL.Server.dll
FeatureService,Citect.Ampla.MSSQL.Server.pdb
FeatureService,Citect.Ampla.Notification.Server.dll
FeatureService,Citect.Ampla.Notification.Server.pdb
FeatureService,Citect.Ampla.Planning.Recipe.Server.ActiveReports.dll
FeatureService,Citect.Ampla.Planning.Recipe.Server.ActiveReports.pdb
FeatureService,Citect.Ampla.Planning.Recipe.Server.dll
FeatureService,Citect.Ampla.Planning.Recipe.Server.pdb
FeatureService,Citect.Ampla.Planning.Server.dll
FeatureService,Citect.Ampla.Planning.Server.pdb
FeatureService,Citect.Ampla.Plant2Business.Activities.dll
FeatureService,Citect.Ampla.Plant2Business.Activities.pdb
FeatureService,Citect.Ampla.Plant2Business.Mapping.dll
FeatureService,Citect.Ampla.Plant2Business.Mapping.pdb
FeatureService,Citect.Ampla.Plant2Business.Server.dll
FeatureService,Citect.Ampla.Plant2Business.Server.pdb
FeatureService,Citect.Ampla.Plant2Business.Workflows.dll
FeatureService,Citect.Ampla.Plant2Business.Workflows.pdb
FeatureService,Citect.Ampla.Production.Server.ActiveReports.dll
FeatureService,Citect.Ampla.Production.Server.ActiveReports.pdb
FeatureService,Citect.Ampla.Production.Server.dll
FeatureService,Citect.Ampla.Production.Server.pdb
FeatureService,Citect.Ampla.Public.MSSQL.Data.V200706.dll
FeatureService,Citect.Ampla.Public.MSSQL.Data.V200706.pdb
FeatureService,Citect.Ampla.Public.MSSQL.Data.V200706.XmlSerializers.dll
FeatureService,Citect.Ampla.Public.MSSQL.Data.V200806.dll
FeatureService,Citect.Ampla.Public.MSSQL.Data.V200806.pdb
FeatureService,Citect.Ampla.Public.MSSQL.Data.V200806.XmlSerializers.dll
FeatureService,Citect.Ampla.Public.MSSQL.dll
FeatureService,Citect.Ampla.Public.MSSQL.pdb
FeatureService,Citect.Ampla.Quality.Server.ActiveReports.dll
FeatureService,Citect.Ampla.Quality.Server.ActiveReports.pdb
FeatureService,Citect.Ampla.Quality.Server.dll
FeatureService,Citect.Ampla.Quality.Server.pdb
FeatureService,Citect.Ampla.SDK.Reports.dll
FeatureService,Citect.Ampla.SDK.Reports.pdb
FeatureService,Citect.Ampla.SDK.Reports.Utilities.dll
FeatureService,Citect.Ampla.SDK.Reports.Utilities.pdb
FeatureService,Citect.Ampla.UpgradeScripts.dll
FeatureService,Citect.Ampla.UpgradeScripts.pdb
FeatureService,Citect.Ampla.WebServiceClients.dll
FeatureService,Citect.Ampla.WebServiceClients.pdb
FeatureService,Citect.Ampla.WebServices.Contracts.dll
FeatureService,Citect.Ampla.WebServices.Contracts.pdb
FeatureService,Citect.Ampla.WebServices.dll
FeatureService,Citect.Ampla.WebServices.pdb
FeatureService,Citect.Ampla.Workflow.Common.dll
FeatureService,Citect.Ampla.Workflow.Common.pdb
FeatureService,Citect.Ampla.Workflow.Diagnostics.dll
FeatureService,Citect.Ampla.Workflow.Diagnostics.pdb
FeatureService,Citect.Ampla.Workflow.Hosting.dll
FeatureService,Citect.Ampla.Workflow.Hosting.pdb
FeatureService,Installer.Applications.CustomActions.dll
FeatureService,Installer.Applications.CustomActions.pdb
FeatureService,DetailReport.rpt
FeatureService,DowntimeReport.rpt
FeatureService,PlantItemReport.rpt
FeatureService,SummaryReport.rpt
FeatureService,Downtime.xsd
FeatureService,ProductionOverview.rpt
FeatureService,ProductionSummary.rpt
FeatureService,QualityNonConformance.rpt
FeatureService,QualitySummary.rpt
FeatureService,WorkOrderRequest.rpt
FeatureService,WorkOrderReport.rpx
FeatureService,WOR.xsd
FeatureService,ReportData.xsd
FeatureService,SampleReports.rptproj
FeatureService,Audit.rdl
FeatureService,AuditDetailsSubReport.rdl
FeatureService,SampleReports.rds
FeatureService,AmplaLogo.bmp
FeatureService,SchneiderElectricLogo.gif
FeatureService,Functions.sql
FeatureService,DowntimeOverview.rdl
FeatureService,DowntimeSummary.rdl
FeatureService,EnergyOverview.rdl
FeatureService,EnergySummary.rdl
FeatureService,InventoryAudit.rdl
FeatureService,amplautil.exe.config
FeatureService,Citect.Ampla.Platform.ConfigurableServiceTypes.config
FeatureService,Citect.Ampla.Platform.InstalledReferences.config
FeatureService,Citect.Ampla.Service.exe.config
FeatureService,ClientRemoting.config
FeatureService,ServerRemoting.config
FeatureService,amplautil.exe
FeatureService,Citect.Ampla.Service.exe
FeatureService,Citect.Ampla.Service.pdb
FeatureService,Citect.Ampla.Services.Manager.exe
FeatureService,Citect.Ampla.Services.Manager.pdb
FeatureService,Citect.Ampla.Connectors.Common.dll
FeatureService,Citect.Ampla.Connectors.Common.pdb
FeatureService,Citect.Ampla.Connectors.InSqlHdpConnector.dll
FeatureService,Citect.Ampla.Connectors.InSqlHdpConnector.pdb
FeatureService,Citect.Ampla.Connectors.OleDbConnector.dll
FeatureService,Citect.Ampla.Connectors.OleDbConnector.pdb
FeatureService,Citect.Ampla.Connectors.OpcConnector.dll
FeatureService,Citect.Ampla.Connectors.OpcConnector.pdb
FeatureService,Citect.Ampla.Connectors.OpcHdaConnector.dll
FeatureService,Citect.Ampla.Connectors.OpcHdaConnector.pdb
FeatureService,Citect.Ampla.Connectors.PIConnector.dll
FeatureService,Citect.Ampla.Connectors.PIConnector.pdb
FeatureService,Citect.Ampla.Connectors.ScadaConnector.dll
FeatureService,Citect.Ampla.Connectors.ScadaConnector.pdb
FeatureService,Citect.Ampla.Connectors.Simulation.dll
FeatureService,Citect.Ampla.Data.dll
FeatureService,Citect.Ampla.Data.pdb
FeatureService,Citect.Ampla.DataAccess.dll
FeatureService,Citect.Ampla.DataAccess.pdb
FeatureService,Citect.Ampla.DependencyInjection.dll
FeatureService,Citect.Ampla.DependencyInjection.pdb
FeatureService,Citect.Ampla.Framework.dll
FeatureService,Citect.Ampla.Framework.pdb
FeatureService,Citect.Ampla.Framework.Gui.dll
FeatureService,Citect.Ampla.Framework.Gui.pdb
FeatureService,Citect.Ampla.Public.WebService.ServiceAdministration.V200707.dll
FeatureService,Citect.Ampla.Public.WebService.ServiceAdministration.V200707.pdb
FeatureService,Citect.Ampla.Public.WebService.SystemDiagnostics.V200707.dll
FeatureService,Citect.Ampla.Public.WebService.SystemDiagnostics.V200707.pdb
FeatureService,Citect.Ampla.Runtime.Data.dll
FeatureService,Citect.Ampla.Runtime.Data.pdb
FeatureService,Citect.Ampla.Runtime.Remoting.dll
FeatureService,Citect.Ampla.Runtime.Remoting.pdb
FeatureService,Citect.Ampla.Server.dll
FeatureService,Citect.Ampla.Server.pdb
FeatureService,Citect.Ampla.ServiceCore.dll
FeatureService,Citect.Ampla.ServiceCore.pdb
FeatureService,Citect.Ampla.ServiceModel.dll
FeatureService,Citect.Ampla.ServiceModel.pdb
FeatureService,Citect.Ampla.Services.Manager.Gui.dll
FeatureService,Citect.Ampla.Services.Manager.Gui.pdb
FeatureService,Citect.Ampla.StandardItems.dll
FeatureService,Citect.Ampla.StandardItems.pdb
FeatureService,Citect.Common.dll
FeatureService,Citect.Common.pdb
FeatureService,Citect.Common.Gui.dll
FeatureService,Citect.Common.Gui.pdb
FeatureService,Citect.Security.Authorization.AzMan.dll
FeatureService,Citect.Security.Authorization.AzMan.pdb
FeatureService,Citect.Security.Authorization.dll
FeatureService,Citect.Security.Authorization.pdb
FeatureService,Citect.Security.Identities.dll
FeatureService,Citect.Security.Identities.pdb
FeatureService,Citect.Security.Remoting.dll
FeatureService,Citect.Security.Remoting.pdb
FeatureService,Citect.Ampla.Installer.CustomActions.dll
FeatureService,Citect.Ampla.Installer.CustomActions.pdb
FeatureService,AmplaExpression.cgt
FeatureService,Citect.Ampla.Connectors.PIConnector.QualityMappings
FeatureService,aaHistorian.dll
FeatureService,Autofac.dll
FeatureService,CalithaLib.dll
FeatureService,CiDebugHelp.dll
FeatureService,CT_IPC.dll
FeatureService,CtApi.dll
FeatureService,CTENG32.DLL
FeatureService,CTRES32.DLL
FeatureService,CTUTIL32.DLL
FeatureService,GoldParserEngine.dll
FeatureService,ICSharpCode.SharpZipLib.dll
FeatureService,Interop.Pisdk.dll
FeatureService,Interop.Pisdkcommon.dll
FeatureService,Interop.PiTimeserver.dll
FeatureService,Microsoft.Office.Interop.Excel.dll
FeatureService,Microsoft.Vbe.Interop.dll
FeatureService,Microsoft.Vbe.Interop.Forms.dll
FeatureService,office.dll
FeatureService,OpcDaNet.dll
FeatureService,OpcHDAWrapper.dll
FeatureService,OpcNetBase.dll
FeatureService,sx32w.dll
FeatureService,Syncfusion.Core.dll
FeatureService,Syncfusion.Edit.Windows.Legacy.dll
FeatureService,Win32Security.dll
FeatureService,Xceed.Compression.dll
FeatureService,Xceed.Compression.Formats.dll
FeatureService,Xceed.Editors.dll
FeatureService,Xceed.FileSystem.dll
FeatureService,Xceed.Grid.dll
FeatureService,Xceed.SmartUI.Controls.dll
FeatureService,Xceed.SmartUI.dll
FeatureService,Xceed.SmartUI.UIStyle.dll
FeatureService,Xceed.SmartUI.UIStyle.WindowsXP.Silver.dll
FeatureService,Xceed.UI.WindowsXP.Silver.dll
FeatureService,Xceed.UI.dll
FeatureService,Xceed.Validation.dll
FeatureService,Xceed.Zip.dll
FeatureService,ActiveReports.dll
FeatureService,ActiveReports.PdfExport.dll
FeatureService,ActiveReports.Viewer.dll
FeatureService,Autofac.Integration.Wcf.dll
FeatureService,Autofac.Integration.Wcf.pdb
FeatureService,Autofac.Integration.Web.dll
FeatureService,Autofac.Integration.Web.pdb
FeatureService,ChartFX.WinForms.Adornments.dll
FeatureService,ChartFX.WinForms.Base.dll
FeatureService,ChartFX.WinForms.dll
FeatureService,ChartFX.WinForms.Statistical.dll
FeatureService,CommandLine.dll
FeatureService,CSTools.dll
FeatureService,Eyefinder.dll
FeatureService,log4net.dll
FeatureService,Microsoft.Practices.EnterpriseLibrary.Common.dll
FeatureService,Microsoft.Practices.EnterpriseLibrary.Data.dll
FeatureService,Microsoft.Practices.EnterpriseLibrary.Logging.dll
FeatureService,Microsoft.Practices.ObjectBuilder.dll
FeatureService,SubSystems.TernControl.dll
FeatureService,SubSystems.HTMLAddOn.dll
FeatureService,ChartFX.Statistical.WinForms.dll
FeatureService,UserProfileConversion.exe
FeatureService,Infragistics2.Shared.v10.3.dll
FeatureService,Infragistics2.Win.UltraWinTabControl.v10.3.dll
FeatureService,Infragistics2.Win.Misc.v10.3.dll
FeatureService,Infragistics2.Win.v10.3.dll
FeatureService,DiagnosticsWebSite
FeatureService,DiagnosticsWebSiteIis6
FeatureService,DiagnosticsWebSitePermissions
FeatureService,Contact.aspx
FeatureService,Diagnostics.Default.aspx
FeatureService,Diagnostics.Web.config
FeatureService,Citect.Ampla.Web.Diagnostics.dll
FeatureService,Citect.Ampla.Web.Diagnostics.pdb
FeatureService,Citect.Ampla.Web.Diagnostics.Integration.dll
FeatureService,Citect.Ampla.Web.Diagnostics.Integration.pdb
FeatureService,Citect.Ampla.Web.Diagnostics.Server.dll
FeatureService,Citect.Ampla.Web.Diagnostics.Server.pdb
FeatureService,Citect.Ampla.Web.Shared.dll
FeatureService,Citect.Ampla.Web.Shared.pdb
FeatureService,Citect.Ampla.Web.ServiceProxies.dll
FeatureService,Citect.Ampla.Web.ServiceProxies.pdb
FeatureService,Diagnostics.css
FeatureService,Diagnostics.skin
FeatureService,arrow.gif
FeatureService,arrow_selected.gif
FeatureService,icon_cancel.gif
FeatureService,icon_delete.gif
FeatureService,icon_down.gif
FeatureService,icon_home.gif
FeatureService,icon_next.gif
FeatureService,icon_next2.gif
FeatureService,icon_prev.gif
FeatureService,icon_prev2.gif
FeatureService,icon_save.gif
FeatureService,icon_server.gif
FeatureService,icon_trash.gif
FeatureService,icon_up.gif
FeatureService,icon_view.gif
FeatureService,bkgrd.png
FeatureService,header_ampla.png
FeatureService,header_watermark.png
FeatureService,message_error.png
FeatureService,message_info.png
FeatureService,message_warning.png
FeatureService,server_ok.png
FeatureService,server_unknown.png
FeatureService,server_warning.png
FeatureService,watermark.png
FeatureService,MemoryDetailRepeater.ascx
FeatureService,ModuleNavigation.ascx
FeatureService,PageTimeStamp.ascx
FeatureService,ProcessorRepeater.ascx
FeatureService,ProductRepeater.ascx
FeatureService,Diagnostics.Master
FeatureService,Server.ascx
FeatureService,ServerNavigation.ascx
FeatureService,TypeInfo.ascx
FeatureService,Caches.aspx
FeatureService,Diagnostics.Server.Default.aspx
FeatureService,Details.aspx
FeatureService,HealthCheck.aspx
FeatureService,Licensing.aspx
FeatureService,Project.aspx
FeatureService,Queues.aspx
FeatureService,Sessions.aspx
FeatureService,Diagnostics.Server.Web.config
FeatureService,ServerDiagnostics.Master
FeatureService,Diagnostics.Server.Web.sitemap
FeatureService,Connection.aspx
FeatureService,Error.aspx
FeatureService,IntegrationOverview.aspx
FeatureService,LogDetails.aspx
FeatureService,Scenario.aspx
FeatureService,ScenarioRuns.aspx
FeatureService,Diagnostics.Integration.Web.config
FeatureService,Integration.Master
FeatureService,Diagnostics.Integration.Web.sitemap
FeatureService,checkSmall.png
FeatureService,completed.png
FeatureService,critical.png
FeatureService,criticalSmall.png
FeatureService,error.png
FeatureService,errorSmall.png
FeatureService,information.png
FeatureService,informationSmall.png
FeatureService,Diagnostics.Integration.logo.png
FeatureService,menustrip.png
FeatureService,palm.png
FeatureService,running.png
FeatureService,terminated.png
FeatureService,verbose.png
FeatureService,verboseSmall.png
FeatureService,warning.png
FeatureService,warningSmall.png
FeatureService,AmplaWebSiteAppPool
FeatureService,AmplaWebSite
FeatureService,AmplaWebSiteIis6
FeatureService,AmplaWebAppPoolUserGroup
FeatureService,Web.Global.asax
FeatureService,Web.Web.config
FeatureService,Web.favicon.ico
FeatureService,WebClientInstaller.msi
FeatureService,Web.SchneiderElectric.Ampla.Web.dll
FeatureService,Web.Microsoft.Web.Infrastructure.dll
FeatureService,Web.System.Web.Helpers.dll
FeatureService,Web.System.Web.Mvc.dll
FeatureService,Web.System.Web.Razor.dll
FeatureService,Web.System.Web.WebPages.Deployment.dll
FeatureService,Web.System.Web.WebPages.dll
FeatureService,Web.System.Web.WebPages.Razor.dll
FeatureService,SchneiderElectric.Ampla.Web.pdb
FeatureService,Web.reset.css
FeatureService,Web.960.css
FeatureService,Web.Site.css
FeatureService,Web.SELogo.gif
FeatureService,Web.Browser.jpg
FeatureService,Web.Desktop.jpg
FeatureService,Web.Views.Web.config
FeatureService,Web._ViewStart.cshtml
FeatureService,Web.Index.cshtml
FeatureService,Web._Layout.cshtml
FeatureService,Web.Error.cshtml
FeatureService,SchneiderElectric.MES.HealthCheck.CustomInstaller.dll
FeatureService,SchneiderElectric.MES.HealthCheck.CustomInstaller.pdb
FeatureService,SchneiderElectric.MES.HealthCheck.ConsoleApp.exe
FeatureService,SchneiderElectric.MES.HealthCheck.ConsoleApp.pdb
FeatureService,SchneiderElectric.MES.HealthCheck.ConsoleApp.exe.config
FeatureService,HealthManagementWebSite
FeatureService,HealthManagementWebSiteIis6
FeatureService,HealthManagementWebSitePermissions
FeatureService,HealthManagement.Global.asax
FeatureService,HealthManagement.Default.aspx
FeatureService,HealthManagement.web.config
FeatureService,HealthManagement.Default.aspx.cs
FeatureService,Main.Master
FeatureService,RestService.svc
FeatureService,Global.cs
FeatureService,Main.Master.cs
FeatureService,Main.Master.designer.cs
FeatureService,HealthManagement.CreateAppDataFolder
FeatureService,AmplaCLRStoredProcedureVersion.cs
FeatureService,AmplaConfigFileInformationLogger.cs
FeatureService,AmplaDatabaseTablesSizeAndIndexStatisticsLogger.cs
FeatureService,AmplaInformationLogger.cs
FeatureService,AmplaProjectExporter.cs.exclude
FeatureService,AmplaServiceConfigInformation.cs
FeatureService,ApplicationEventLogger.cs
FeatureService,DatabaseHealthCheck.cs
FeatureService,EnvironmentHealthLogger.cs
FeatureService,MemoryInformationLogger.cs
FeatureService,PerformanceCounterHealthInformation.cs
FeatureService,PerformanceCounterLogger.cs
FeatureService,ReplayLogger.cs
FeatureService,SystemInformationLogger.cs
FeatureService,SupportInformationPackager.cs.exclude
FeatureService,HealthManagement.Strings.resx
FeatureService,Citect.Ampla.Web.HealthMangement.dll
FeatureService,Citect.Ampla.Web.HealthMangement.pdb
FeatureService,SchneiderElectric.MES.HealthCheck.Core.dll
FeatureService,SchneiderElectric.MES.HealthCheck.Core.pdb
FeatureService,AmplaPerformance.config
FeatureService,SchneiderElectric.MES.HealthCheck.UsageProfile.Core.dll
FeatureService,SchneiderElectric.MES.HealthCheck.UsageProfile.Core.pdb
FeatureService,SchneiderElectric.MES.HealthCheck.UsageProfile.Recorders_V200908.dll
FeatureService,SchneiderElectric.MES.HealthCheck.UsageProfile.Recorders_V200908.pdb
FeatureService,SchneiderElectric.MES.HealthCheck.UsageProfile.WCF.dll
FeatureService,SchneiderElectric.MES.HealthCheck.UsageProfile.WCF.pdb
FeatureService,AmplaPerformanceDataCollector.xml
FeatureService,ReplayConfig.xml
FeatureService,HealthManagement.green.css
FeatureService,HealthManagement.green_ie.css
FeatureService,HealthManagement.Failure.png
FeatureService,HealthManagement.Success.png
FeatureService,HealthManagement.Warning.png
FeatureService,cmpBC5C29DA27240D9F265E0D67A16196F9
FeatureService,cmp8257AA395E4FB0634DB6FB717549DAB2
FeatureService,cmpBEEBCDAFBA4B7F28678F8A68F8914D0B
FeatureService,cmp03BD994067C64D26D3A5DAB8E6CE12CA
FeatureService,cmpBEA9BF3EA184F10F052F78BB1736E622
FeatureService,cmp442932B3CE9434C30422A787CA526A15
FeatureService,cmp302194FB1A0538A8875A360057787E71
FeatureService,cmp752F3DCADDC958744B517A9F7EA54F39
FeatureService,cmp8D2933582381D9E58B617FBD73FE8ED7
FeatureService,cmpCF1455710AFD701087AD71364B250007
FeatureService,cmpD06D43488A9F47F302DE81848E2962D8
FeatureService,cmpD03BB4BF73EE945841736C7324857FFB
FeatureService,cmp15B1BC0054BA10E35AF5297B16A7B40F
FeatureService,cmp5A99C22899E60D537A886C9473014896
FeatureService,cmpE47E7522CE26ABF8E12DFD41BF0198DF
FeatureService,cmpC135564D71B6177ED7D9156E1BFCEC6E
FeatureService,cmp2662B6B21DB04B4AE48924BDDBDBF088
FeatureService,cmpF95EEB77D4BE79808AF60F2ABC00D848
FeatureService,cmp98483F6684793F7435CD5F5D7AEC30FE
FeatureService,cmp6EDFB810E13F62A62167E10A34F6C6DB
FeatureService,cmp2BB2508A8F527011E46441F1BDFEEA33
FeatureService,cmp8A25D3D9C22E35FC60AAE42E7F4AA491
FeatureService,cmpDBF420335800DDB27F8D8592D9BB7DC1
FeatureService,cmp64BBCFF6C189328558D7FCFE84A2FA5D
FeatureService,cmp5F04513F3993AB8A8DA50CA248412FEC
FeatureService,cmp35E481E6D5B376B3EBBB2B2A1697C455
FeatureService,cmp58E374D4D2E83E518C4602AB1F9B8182
FeatureService,cmpC80CDB171AC93B5A5331550ED61612E8
FeatureService,cmp0EDE48C4547440548943D0E15D48DB82
FeatureService,cmp6726F0F846AE60C4336F6634E6A85034
FeatureService,cmp37299D86C4ECC05E9344E198C8079A32
FeatureService,cmp5E9C3F539D713944E5B951AEE4DFB831
FeatureService,cmpA45656134F0877ADC65DEF8770E5E675
FeatureService,cmp09A59F81CC50E64B1CB3A95AC5BC59B9
FeatureService,cmpF839E06F3E9CCEE0BCE550D64883357D
FeatureService,cmp677144EF58B6A79252FEF1F0363E36B2
FeatureService,cmpFB4A455A6EC9E10862EFB4D91F2E0D1D
FeatureService,cmp35591BBB9A49A7EC9487D4E7E858D1B9
FeatureService,cmpE1790A50826242B526C1CE36049FBC77
FeatureService,cmpBC5C04B6EB72DF7944D3B3B6B6587F9C
FeatureService,cmp19C4FD38CA1632B388AC7FC7D46EDBCA
FeatureService,cmpE4F46297A042E3AC0101DDFEAC247A84
FeatureService,cmp7914AAED9A51AF4950764A3076075BF7
FeatureService,cmp280CC4D53E8312505BF262E6695E35C9
FeatureService,cmp1F25763C87378490BF63F39C97B4DBA7
FeatureService,cmp5459AABC3B164757BB3658C4F5F71C53
FeatureService,cmpA30F550B664CCB91FAEA40E19CBFF292
FeatureService,cmp1178D8105152D5C45E584A4160BA5EFE
FeatureService,cmpFE2815C6161842B147979BE48FB1C96C
FeatureService,cmp3C6A9409FE8D8A4D25DC6F6EA15BA94D
FeatureService,cmp15D15B2C9164753A32F3EC4809B5DFFB
FeatureService,cmpA1B8371D86675EC559E419B2CA98AB1F
FeatureService,cmp89A6FBCC4D04AEC18D644916A8B3433D
FeatureService,cmp49D780D4711A522CA29A665274D646A2
FeatureService,cmp2A4A24FF9119C5B4F021C693FE45D8AE
FeatureService,cmp369DB220A92D1DF45B887D2BCB15D725
FeatureService,cmpD10221BED04565A1B6C974EF5DA1238A
FeatureService,cmp98BA0B8C43CA5C250152E2830D746A86
FeatureService,cmp61D4DABA6E3A2EB1B84AAA7E8B6D99C1
FeatureService,cmp56794324263D172FF974A4FA7C0FBDA0
FeatureService,cmp89C0F4EC21B7B1E325E5850878B14730
FeatureService,cmpE4922E8556FDB7E2F23E38CD0A6878E0
FeatureService,cmpA2C3DC6B1C43EBBA71424BBA180D7AB6
FeatureService,cmpBD10303D800496F667D2410EE8BDD13E
FeatureService,cmp3560E77FC2F3A82A4E1A561EB14BF849
FeatureService,cmpA593A414A98059904652586BE5213518
FeatureService,cmp8CF23542F81330D495B1BACFBFD5CDFC
FeatureService,cmpC371A09B93E0CB910DCE393DD148DBC2
FeatureService,cmp1821DA3AEDEA493563053818671AAAD0
FeatureService,cmpB83F86C56CC0EB44C5CCFF9C01E7D75F
FeatureService,cmp96CF221F57E0E69749936A31691B53AF
FeatureService,cmp6BB8B1DE3A74A19229545FC9376B6B3C
FeatureService,cmp2A4B59F98EAC9A958C29F875D49A8B99
FeatureService,cmp55AF6D8A863465781A21BB842165F385
FeatureService,cmpE42D8E93695AB7E1A172A90397A43341
FeatureService,cmp926D4B594F29AF199C702892D1BC21BE
FeatureService,cmpE8EF019CF057BE1557DEF7CCA6A2B9BE
FeatureService,cmp012B862EE8578878DB630DE97E7155C9
FeatureService,cmp696A569102ED98BCE76BD5DE1BC59FD1
FeatureService,cmp72488696D4758D7B9F8C4FE31941544E
FeatureService,cmp414ED5E41D0842D053AFE923BEB5F89F
FeatureService,cmp7F2A10C633ACEA56291CEA4F97F6D464
FeatureService,cmp5E5B020CEE053E8E75A19D6EB79E65D5
FeatureService,cmp0A98827B89473A974B5415D05A1DED82
FeatureService,cmpC0ABC29CFE080A4138BD9EDBB5211564
FeatureService,cmp2CA4DA258B90EF7A1E23A3A9378CD428
FeatureService,cmp47CC855E00D6961B3E1481426F0ED9EA
FeatureService,cmp6FC08739E76B20C4028B8C07CCA57347
FeatureService,cmpA68B758887AD52679733C45E64C7044C
FeatureService,cmp5F0EAAD715220403860371B4ACE612F9
FeatureService,cmpF92126607C1B047FB88B562A458C7885
FeatureService,cmp0B8CDB2C061D3D38662D7CAFC778C165
FeatureService,cmp5CD58905C55EFF8C1055645DAB36306C
FeatureService,cmp73F1B56BA0BF4A5277386A12AE822D78
FeatureService,cmpFFD153A52045511C3EA2BE044FDB1A3D
FeatureService,cmpEA22DBBF4FB7D9F80A7C13C39A9DC945
FeatureService,cmp9DBA925F1635EBEE48E72E3EC30D1C2A
FeatureService,cmpA88C79A847234A3D59A1DC1CFAE2941F
FeatureService,cmpAA47A2AB0CEB7666CC1C742E43562E86
FeatureService,cmpC27781BF782B245CD1D744E1AC7E89F6
FeatureService,cmp9B21DF13DEBC2D66AF62685E7FBE5F1A
FeatureService,cmp2D994ADA2AFEBBC2C03A3BEB480BCD1F
FeatureService,cmp7CC345745F4E78A0998702BF7E2F8420
FeatureService,cmp24F5CD5BD7716F5C3DBFAD1B7B8ACBC6
FeatureService,cmpCD93FB9CA88AF4D80DE2C1EAAB1B29E7
FeatureService,cmpCF9CC7AAA2B0D0BA4F450AD6700DB3A1
FeatureService,cmp9BD98F8B401285EE590BD97C2F4DBA20
FeatureService,cmp7B3BC863581447A1E0D20BC96BDC4115
FeatureService,cmp1F41F846708F0F10D308D84576684817
FeatureService,cmp1669B509D42BFEF901EE17F73C5FC80A
FeatureService,cmp97D23650DA4A22136BE525506A0278FE
FeatureService,cmp7DD1E79E85F1988D85FFB5D97A6BBA7F
FeatureService,cmpFF7F8C9021E65D39D7083EBC6FEF8712
FeatureService,cmp493B12A27AF027621EE9BF2D6BCF9D9E
FeatureService,cmpD97B371E954EBCE7D06604F3B8A034B0
FeatureService,cmpB052E0FFF0D33FE6EB8841DABDF9C367
FeatureService,cmp89E7EC8F7CD0F32D854ADD9D0315116B
FeatureService,cmpEE8C07902A63878F5722170C1840C04C
FeatureService,cmp21DCFA326D4E48386B999FA543F3FCA9
FeatureService,cmp5D88CA2BE32779F37802C8E0D7241282
FeatureService,cmp3936129A315372186F0D44EACB53FD19
FeatureService,cmpCA96A0F441C0C50C894891A012E16B29
FeatureService,cmp90EA648DF981369B06243E849529A89F
FeatureService,cmp76E0F26B67258A1CED398E5DB808ECC0
FeatureService,cmpF7845B00BEE609AACF07240313D2B7B2
FeatureService,cmp4FCE451F79B72B96B77AD6CBA970CF14
FeatureService,cmp9646A25A744BA5DAEBAAB9BF80DF01BC
FeatureService,cmp2F457E83FF099F6BA91475D1D9C4383F
FeatureService,cmp8857A0D9A29737FA3BAC0C174578C093
FeatureService,cmp334F6B59A3F9E7E4421B0F1BABA054CE
FeatureService,cmpCD5A760F4825C616C5299061EA1602E9
FeatureService,cmp1D6EEE36010D7CAF234F96573CC52E21
FeatureService,cmp1CBD5A02BE22ED09EF02EA087851DA96
FeatureService,cmp88D3E17141211A9486D71199F3E179D3
FeatureService,cmp431AA79A27E0B45AE31E47CD2671797B
FeatureService,cmp3CD9E6D5205209ED9B13DE6E59B82ECA
FeatureService,cmp1B1846F56C8C81FBC0D801B254AEDCE1
FeatureService,cmp49DD8BED90D831C78CA90B4DC5517047
FeatureService,cmpE5762519F7944D82A0CAF56C7E863F49
FeatureService,cmpCDD8C5FB1DD9101F98375B14EE80060B
FeatureService,cmpE11A57F2812B23FEA758702E07FED807
FeatureService,cmp578A2C24E911389E4C82026205E41B04
FeatureService,cmpBEE66253B4B55B8A6467AA5FEE906024
FeatureService,cmp1897A95FB9B1BB4A6C55A05CFFCC7D7C
FeatureService,cmp7F8D2B7751BED9A75E2F110D580E6EB6
FeatureService,cmp960F7341CCA4B073C07B9577605D4CC7
FeatureService,cmpCBD0F6BCDFE9FE538DE4B62D529E6723
FeatureService,cmp99D33220D2DEE9AF0616EDA66E2754AB
FeatureService,cmpAA36B6FC0C08526BA55571211E0D519D
FeatureService,cmp8F56A5786A35EC2FB192178D1C824C56
FeatureService,cmpBBE3ACA10C4051226CDA7EA431E662CB
FeatureService,cmp4F204CD04D54D84ABE809DD09028DC65
FeatureService,cmp316D9260CF15CA760704462AD4A20908
FeatureService,cmp01A607FEB0183667833A8E7A346549D7
FeatureService,cmp5E409EF00816A6B2FDB11EA909AC6E4B
FeatureService,cmpCE4DFF263B99025ADB3798043160EE2F
FeatureService,cmp6A588609A7D45B9DB71E2138742AA822
FeatureService,cmp318DB77476F5780A23777B599FE6B49B
FeatureService,cmp71ADDAE6B24D02FEC2E54857953A0C61
FeatureService,cmp8C9B854F772DF603FAE8E31024F9CF72
FeatureService,cmp77239B800E1525C48995601E68E73D6F
FeatureService,cmp1FBC1E63E3067B0342E2FFA8E5331B15
FeatureService,cmp58EB52697B93D2C7318433203E6DBFF4
FeatureService,cmp706A2829D76B1E753C07798832D79514
FeatureService,cmp88AD357F7BDF2B7392382132A2A7B575
FeatureService,cmpBC6D5D93E8330168DF0F2A09F7242018
FeatureService,cmp9FE7AB59D15D67F0FD80050432FD1F12
FeatureService,cmp7C5EF21155CEE111E5E6B0D5A5C8B60C
FeatureService,cmpFF55ACF4BDD02432009FACB34162AC58
FeatureService,cmp5F15C5044B36B3C787414076C6C70381
FeatureService,cmp6B674C3C9A4C148875CDF5247B426868
FeatureService,cmpBBCD91F36D66EBD59C03962AD6C4F881
FeatureService,cmp266837EE061DE4BEBA46698CEDF25896
FeatureService,cmp9D8C7274935697E635A87776BA2B8C94
FeatureService,cmp1CE1E059AD8AAC0211662095B7942FD8
FeatureService,cmpC422F5D1388F6CD780DAE48BDDC11B0B
FeatureService,cmpE5B11D31BBE635B2ECCF28A66FE2E57D
FeatureService,cmpCB31DAB882FC0CC2885FF7B129119A65
FeatureService,cmp4FA3DD4B0AFD1D5962A7EC6F7C7C2D9D
FeatureService,cmp0A9ED2F6E686E26D85E1EA9AFB52C454
FeatureService,cmp7D87CB576E28165D752131953C3BC15F
FeatureService,cmp30F5A67A3E91938422F034662AFABA85
FeatureService,cmp7171DC4235C1CDAB9C84C61A9C6DFFF6
FeatureService,cmp89427DC63840A4C6AF5EB3E26FA9EBC6
FeatureService,cmp46AE3E2B629FB7B85B735446F0156B4F
FeatureService,cmp679472B3BB06C48B166C8B2169027C74
FeatureService,cmpD52135AC98E16613123A5E6F67D319E9
FeatureService,cmpA25F22D152933BA40D6A1C83494D1039
FeatureService,cmpD2936932FACE9A957A61A69E95A6DF69
FeatureService,cmp08A2CF58E64E883CB18A83E39D257B60
FeatureService,cmpA0DF2F556489795B3410FFCCB51A0E84
FeatureService,cmpFE0F04F165CE3B9122017CE800C6FF60
FeatureService,cmp2720F581B3F9FD0ABBF3BC271E689B10
FeatureService,cmpA8B43ECF9C0D3479C60D5B1A3D0C2F5F
FeatureService,cmp8BEF44D6E98C23DB2365B033C15AB80A
FeatureService,cmp12EE9925F692A3E9B58B8C53399BAE42
FeatureService,cmp352A4E40491132D05A3426B17CF2EB92
FeatureService,cmp59970227DA04C517ADCD379BC8464754
FeatureService,cmp78A9CECD5A208CEFEB4168C65303C3A1
FeatureService,cmp519FC84D554807A12A3BB14DC0AE76A5
FeatureService,cmp9DBA3EDCCD0DD8746CCEBE1C31E08537
FeatureService,cmp0340F7BDB84E930E4D2EC4AED5C70FD6
FeatureService,C__00723E16360A456D922FB81C139560ED.6492B5CA1425435EB4E109C1192F04D7
FeatureService,C__0B38D2CE72EE4FA1B7B95793DCD41E3A.6492B5CA1425435EB4E109C1192F04D7
FeatureService,C__17F6E11913884A6DBE1D3FB892C0BB50.6492B5CA1425435EB4E109C1192F04D7
FeatureService,C__19198212A3F6400F8EAB7538C6B61969.6492B5CA1425435EB4E109C1192F04D7
FeatureService,C__368855A407D14693B4EB3AE549EFC3CD.6492B5CA1425435EB4E109C1192F04D7
FeatureService,C__39FA06DA38434F4A80747ECCB3F04883.6492B5CA1425435EB4E109C1192F04D7
FeatureService,C__4BB71012704645C2A9E684CE92149CA7.6492B5CA1425435EB4E109C1192F04D7
FeatureService,C__584CDE6B87C24F1380AEFEB8E925B9ED.6492B5CA1425435EB4E109C1192F04D7
FeatureService,C__5E14379C20DC49D0B41C956DA40092F0.6492B5CA1425435EB4E109C1192F04D7
FeatureService,C__63AB233AF4FD4E759EDF279EF0CF1FA9.6492B5CA1425435EB4E109C1192F04D7
FeatureService,C__7EE26E93E6734BD68D52C315E0681BD9.6492B5CA1425435EB4E109C1192F04D7
FeatureService,C__8B328C6CEF4240D588A1515F614FE084.6492B5CA1425435EB4E109C1192F04D7
FeatureService,C__93A6ECBD0FD647118689B8B72F891504.6492B5CA1425435EB4E109C1192F04D7
FeatureService,C__A6047C11C21A431FAE28CAA466E1C4DB.6492B5CA1425435EB4E109C1192F04D7
FeatureService,C__AF53696CCA904EBFA29D5DC1C087A1E9.6492B5CA1425435EB4E109C1192F04D7
FeatureService,C__B36AC5A3AE404A989595E41479E2FCD6.6492B5CA1425435EB4E109C1192F04D7
FeatureService,C__B7FA60E80B904AFBB2F6F1FB48433933.6492B5CA1425435EB4E109C1192F04D7
FeatureService,C__C73D447270B84A4CB7A34547F586DCBA.6492B5CA1425435EB4E109C1192F04D7
FeatureService,C__C9C0F929F93A494FB3E68DC54EB17AED.6492B5CA1425435EB4E109C1192F04D7
FeatureService,C__CAF8F581356D49C9963912817A38E6D1.6492B5CA1425435EB4E109C1192F04D7
FeatureService,C__CD415B4291D14389A21AD0109160D54D.6492B5CA1425435EB4E109C1192F04D7
FeatureService,C__E2A0D21B66814927A7D1D5C1536AA699.6492B5CA1425435EB4E109C1192F04D7
FeatureService,C__B91E50AC5E204BC9867A0A54EFF7423F.3689E6D571634F2294B5E633BF0B0BA1
FeatureService,MSXML4_System.246EB7AD_459A_4FA8_83D1_41A46D7634B7
FeatureService,MSXML4_SystemRes.246EB7AD_459A_4FA8_83D1_41A46D7634B7
FeatureService,MSXML4_ANSI.246EB7AD_459A_4FA8_83D1_41A46D7634B7
FeatureService,MSXML4_Parser.2E8D8EBB_CC16_45E1_BBCA_CB1ED881EDB7
FeatureService,MSXML4_Unicode.2E8D8EBB_CC16_45E1_BBCA_CB1ED881EDB7
FeatureService,uplevel.98CB24AD_52FB_DB5F_FF1F_C8B3B9A1E18E
FeatureService,downlevel_manifest.8.0.50727.762.98CB24AD_52FB_DB5F_FF1F_C8B3B9A1E18E
FeatureService,downlevel_payload.8.0.50727.762.98CB24AD_52FB_DB5F_FF1F_C8B3B9A1E18E
FeatureService,nosxs.98CB24AD_52FB_DB5F_FF1F_C8B3B9A1E18E
FeatureService,downlevel_payload.98CB24AD_52FB_DB5F_FF1F_C8B3B9A1E18E
FeatureService,downlevel_manifest.98CB24AD_52FB_DB5F_FF1F_C8B3B9A1E18E
FeatureService,downlevel_manifest.8.0.50727.89.98CB24AD_52FB_DB5F_FF1F_C8B3B9A1E18E
FeatureService,downlevel_payload.8.0.50727.89.98CB24AD_52FB_DB5F_FF1F_C8B3B9A1E18E
FeatureService,downlevel_manifest.8.0.50727.94.98CB24AD_52FB_DB5F_FF1F_C8B3B9A1E18E
FeatureService,downlevel_manifest.8.0.50727.93.98CB24AD_52FB_DB5F_FF1F_C8B3B9A1E18E
FeatureService,downlevel_manifest.8.0.50727.95.98CB24AD_52FB_DB5F_FF1F_C8B3B9A1E18E
FeatureService,downlevel_payload.8.0.50727.93.98CB24AD_52FB_DB5F_FF1F_C8B3B9A1E18E
FeatureService,downlevel_payload.8.0.50727.94.98CB24AD_52FB_DB5F_FF1F_C8B3B9A1E18E
FeatureService,downlevel_manifest.8.0.50727.96.98CB24AD_52FB_DB5F_FF1F_C8B3B9A1E18E
FeatureService,downlevel_payload.8.0.50727.95.98CB24AD_52FB_DB5F_FF1F_C8B3B9A1E18E
FeatureService,downlevel_manifest.8.0.50727.97.98CB24AD_52FB_DB5F_FF1F_C8B3B9A1E18E
FeatureService,downlevel_manifest.8.0.50727.98.98CB24AD_52FB_DB5F_FF1F_C8B3B9A1E18E
FeatureService,downlevel_payload.8.0.50727.96.98CB24AD_52FB_DB5F_FF1F_C8B3B9A1E18E
FeatureService,downlevel_manifest.8.0.50727.100.98CB24AD_52FB_DB5F_FF1F_C8B3B9A1E18E
FeatureService,downlevel_payload.8.0.50727.97.98CB24AD_52FB_DB5F_FF1F_C8B3B9A1E18E
FeatureService,downlevel_manifest.8.0.50727.99.98CB24AD_52FB_DB5F_FF1F_C8B3B9A1E18E
FeatureService,downlevel_payload.8.0.50727.98.98CB24AD_52FB_DB5F_FF1F_C8B3B9A1E18E
FeatureService,downlevel_payload.8.0.50727.99.98CB24AD_52FB_DB5F_FF1F_C8B3B9A1E18E
FeatureService,downlevel_manifest.8.0.50727.101.98CB24AD_52FB_DB5F_FF1F_C8B3B9A1E18E
FeatureService,downlevel_manifest.8.0.50727.103.98CB24AD_52FB_DB5F_FF1F_C8B3B9A1E18E
FeatureService,downlevel_payload.8.0.50727.100.98CB24AD_52FB_DB5F_FF1F_C8B3B9A1E18E
FeatureService,downlevel_payload.8.0.50727.101.98CB24AD_52FB_DB5F_FF1F_C8B3B9A1E18E
FeatureService,downlevel_manifest.8.0.50727.104.98CB24AD_52FB_DB5F_FF1F_C8B3B9A1E18E
FeatureService,downlevel_manifest.8.0.50727.193.98CB24AD_52FB_DB5F_FF1F_C8B3B9A1E18E
FeatureService,downlevel_payload.8.0.50727.103.98CB24AD_52FB_DB5F_FF1F_C8B3B9A1E18E
FeatureService,downlevel_payload.8.0.50727.104.98CB24AD_52FB_DB5F_FF1F_C8B3B9A1E18E
FeatureService,downlevel_payload.8.0.50727.193.98CB24AD_52FB_DB5F_FF1F_C8B3B9A1E18E
FeatureConfigurationTools,Citect.Ampla.ServiceModel.Extensions.config
FeatureConfigurationTools,Citect.Ampla.ServiceModel.Behaviors.config
FeatureConfigurationTools,Citect.Ampla.ServiceModel.Bindings.config
FeatureConfigurationTools,Citect.Ampla.ServiceModel.Clients.config
FeatureConfigurationTools,Citect.Ampla.ServiceModel.Services.config
FeatureConfigurationTools,ControlEditor.exe
FeatureConfigurationTools,ControlEditor.pdb
FeatureConfigurationTools,Citect.Ampla.ActiveReports.Server.dll
FeatureConfigurationTools,Citect.Ampla.ActiveReports.Server.pdb
FeatureConfigurationTools,Citect.Ampla.Connectors.FileConnector.dll
FeatureConfigurationTools,Citect.Ampla.Connectors.FileConnector.pdb
FeatureConfigurationTools,Citect.Ampla.Connectors.SerialConnectors.dll
FeatureConfigurationTools,Citect.Ampla.Connectors.SerialConnectors.pdb
FeatureConfigurationTools,Citect.Ampla.Controls.dll
FeatureConfigurationTools,Citect.Ampla.Controls.pdb
FeatureConfigurationTools,Citect.Ampla.Cost.Server.dll
FeatureConfigurationTools,Citect.Ampla.Cost.Server.pdb
FeatureConfigurationTools,Citect.Ampla.Downtime.Server.ActiveReports.dll
FeatureConfigurationTools,Citect.Ampla.Downtime.Server.ActiveReports.pdb
FeatureConfigurationTools,Citect.Ampla.Downtime.Server.dll
FeatureConfigurationTools,Citect.Ampla.Downtime.Server.pdb
FeatureConfigurationTools,Citect.Ampla.Energy.Server.dll
FeatureConfigurationTools,Citect.Ampla.Energy.Server.pdb
FeatureConfigurationTools,Citect.Ampla.Framework.Extras.dll
FeatureConfigurationTools,Citect.Ampla.Framework.Extras.pdb
FeatureConfigurationTools,Citect.Ampla.General.Common.Chart.dll
FeatureConfigurationTools,Citect.Ampla.General.Common.Chart.pdb
FeatureConfigurationTools,Citect.Ampla.General.Common.dll
FeatureConfigurationTools,Citect.Ampla.General.Common.pdb
FeatureConfigurationTools,Citect.Ampla.General.Common.Gui.dll
FeatureConfigurationTools,Citect.Ampla.General.Common.Gui.pdb
FeatureConfigurationTools,Citect.Ampla.General.Common.Parsers.dll
FeatureConfigurationTools,Citect.Ampla.General.Common.Parsers.pdb
FeatureConfigurationTools,Citect.Ampla.General.Server.ActiveReports.dll
FeatureConfigurationTools,Citect.Ampla.General.Server.ActiveReports.pdb
FeatureConfigurationTools,Citect.Ampla.General.Server.dll
FeatureConfigurationTools,Citect.Ampla.General.Server.pdb
FeatureConfigurationTools,Citect.Ampla.Inventory.Server.dll
FeatureConfigurationTools,Citect.Ampla.Inventory.Server.pdb
FeatureConfigurationTools,Citect.Ampla.Knowledge.Server.dll
FeatureConfigurationTools,Citect.Ampla.Knowledge.Server.pdb
FeatureConfigurationTools,Citect.Ampla.Maintenance.Server.dll
FeatureConfigurationTools,Citect.Ampla.Maintenance.Server.pdb
FeatureConfigurationTools,Citect.Ampla.MasterData.Server.dll
FeatureConfigurationTools,Citect.Ampla.MasterData.Server.pdb
FeatureConfigurationTools,Citect.Ampla.MessageQueue.Server.dll
FeatureConfigurationTools,Citect.Ampla.MessageQueue.Server.pdb
FeatureConfigurationTools,Citect.Ampla.Metrics.Server.dll
FeatureConfigurationTools,Citect.Ampla.Metrics.Server.pdb
FeatureConfigurationTools,Citect.Ampla.Modules.Common.dll
FeatureConfigurationTools,Citect.Ampla.Modules.Common.pdb
FeatureConfigurationTools,Citect.Ampla.MSSQL.Server.dll
FeatureConfigurationTools,Citect.Ampla.MSSQL.Server.pdb
FeatureConfigurationTools,Citect.Ampla.Notification.Server.dll
FeatureConfigurationTools,Citect.Ampla.Notification.Server.pdb
FeatureConfigurationTools,Citect.Ampla.Planning.Recipe.Server.ActiveReports.dll
FeatureConfigurationTools,Citect.Ampla.Planning.Recipe.Server.ActiveReports.pdb
FeatureConfigurationTools,Citect.Ampla.Planning.Recipe.Server.dll
FeatureConfigurationTools,Citect.Ampla.Planning.Recipe.Server.pdb
FeatureConfigurationTools,Citect.Ampla.Planning.Server.dll
FeatureConfigurationTools,Citect.Ampla.Planning.Server.pdb
FeatureConfigurationTools,Citect.Ampla.Plant2Business.Mapping.dll
FeatureConfigurationTools,Citect.Ampla.Plant2Business.Server.dll
FeatureConfigurationTools,Citect.Ampla.Plant2Business.Server.pdb
FeatureConfigurationTools,Citect.Ampla.Production.Server.ActiveReports.dll
FeatureConfigurationTools,Citect.Ampla.Production.Server.ActiveReports.pdb
FeatureConfigurationTools,Citect.Ampla.Production.Server.dll
FeatureConfigurationTools,Citect.Ampla.Production.Server.pdb
FeatureConfigurationTools,Citect.Ampla.Public.MSSQL.Data.V200706.dll
FeatureConfigurationTools,Citect.Ampla.Public.MSSQL.Data.V200706.pdb
FeatureConfigurationTools,Citect.Ampla.Public.MSSQL.Data.V200706.XmlSerializers.dll
FeatureConfigurationTools,Citect.Ampla.Public.MSSQL.Data.V200806.dll
FeatureConfigurationTools,Citect.Ampla.Public.MSSQL.Data.V200806.pdb
FeatureConfigurationTools,Citect.Ampla.Public.MSSQL.Data.V200806.XmlSerializers.dll
FeatureConfigurationTools,Citect.Ampla.Public.MSSQL.dll
FeatureConfigurationTools,Citect.Ampla.Public.MSSQL.pdb
FeatureConfigurationTools,Citect.Ampla.Quality.Server.ActiveReports.dll
FeatureConfigurationTools,Citect.Ampla.Quality.Server.ActiveReports.pdb
FeatureConfigurationTools,Citect.Ampla.Quality.Server.dll
FeatureConfigurationTools,Citect.Ampla.Quality.Server.pdb
FeatureConfigurationTools,Citect.Ampla.SDK.Reports.dll
FeatureConfigurationTools,Citect.Ampla.SDK.Reports.pdb
FeatureConfigurationTools,Citect.Ampla.SDK.Reports.Utilities.dll
FeatureConfigurationTools,Citect.Ampla.SDK.Reports.Utilities.pdb
FeatureConfigurationTools,Citect.Ampla.UpgradeScripts.dll
FeatureConfigurationTools,Citect.Ampla.UpgradeScripts.pdb
FeatureConfigurationTools,Citect.Ampla.WebServiceClients.dll
FeatureConfigurationTools,Citect.Ampla.WebServiceClients.pdb
FeatureConfigurationTools,Citect.Ampla.WebServices.Contracts.dll
FeatureConfigurationTools,Citect.Ampla.WebServices.Contracts.pdb
FeatureConfigurationTools,Citect.Ampla.WebServices.dll
FeatureConfigurationTools,Citect.Ampla.WebServices.pdb
FeatureConfigurationTools,Citect.Ampla.Platform.ConfigurableServiceTypes.config
FeatureConfigurationTools,Citect.Ampla.Platform.InstalledReferences.config
FeatureConfigurationTools,Citect.Ampla.Studio.exe.config
FeatureConfigurationTools,ClientRemoting.config
FeatureConfigurationTools,ServerRemoting.config
FeatureConfigurationTools,Citect.Ampla.Studio.exe
FeatureConfigurationTools,Citect.Ampla.Studio.pdb
FeatureConfigurationTools,Citect.Ampla.Connectors.Common.dll
FeatureConfigurationTools,Citect.Ampla.Connectors.Common.pdb
FeatureConfigurationTools,Citect.Ampla.Connectors.InSqlHdpConnector.dll
FeatureConfigurationTools,Citect.Ampla.Connectors.InSqlHdpConnector.pdb
FeatureConfigurationTools,Citect.Ampla.Connectors.OleDbConnector.dll
FeatureConfigurationTools,Citect.Ampla.Connectors.OleDbConnector.pdb
FeatureConfigurationTools,Citect.Ampla.Connectors.OpcConnector.dll
FeatureConfigurationTools,Citect.Ampla.Connectors.OpcConnector.pdb
FeatureConfigurationTools,Citect.Ampla.Connectors.OpcHdaConnector.dll
FeatureConfigurationTools,Citect.Ampla.Connectors.OpcHdaConnector.pdb
FeatureConfigurationTools,Citect.Ampla.Connectors.PIConnector.dll
FeatureConfigurationTools,Citect.Ampla.Connectors.PIConnector.pdb
FeatureConfigurationTools,Citect.Ampla.Connectors.ScadaConnector.dll
FeatureConfigurationTools,Citect.Ampla.Connectors.ScadaConnector.pdb
FeatureConfigurationTools,Citect.Ampla.Connectors.Simulation.dll
FeatureConfigurationTools,Citect.Ampla.Data.dll
FeatureConfigurationTools,Citect.Ampla.Data.pdb
FeatureConfigurationTools,Citect.Ampla.DataAccess.dll
FeatureConfigurationTools,Citect.Ampla.DataAccess.pdb
FeatureConfigurationTools,Citect.Ampla.DependencyInjection.dll
FeatureConfigurationTools,Citect.Ampla.DependencyInjection.pdb
FeatureConfigurationTools,Citect.Ampla.Framework.dll
FeatureConfigurationTools,Citect.Ampla.Framework.pdb
FeatureConfigurationTools,Citect.Ampla.Framework.Gui.dll
FeatureConfigurationTools,Citect.Ampla.Framework.Gui.pdb
FeatureConfigurationTools,Citect.Ampla.Public.WebService.ServiceAdministration.V200707.dll
FeatureConfigurationTools,Citect.Ampla.Public.WebService.ServiceAdministration.V200707.pdb
FeatureConfigurationTools,Citect.Ampla.Public.WebService.SystemDiagnostics.V200707.dll
FeatureConfigurationTools,Citect.Ampla.Public.WebService.SystemDiagnostics.V200707.pdb
FeatureConfigurationTools,Citect.Ampla.Runtime.Data.dll
FeatureConfigurationTools,Citect.Ampla.Runtime.Data.pdb
FeatureConfigurationTools,Citect.Ampla.Runtime.Remoting.dll
FeatureConfigurationTools,Citect.Ampla.Runtime.Remoting.pdb
FeatureConfigurationTools,Citect.Ampla.Server.dll
FeatureConfigurationTools,Citect.Ampla.Server.pdb
FeatureConfigurationTools,Citect.Ampla.ServiceModel.dll
FeatureConfigurationTools,Citect.Ampla.ServiceModel.pdb
FeatureConfigurationTools,Citect.Ampla.StandardItems.dll
FeatureConfigurationTools,Citect.Ampla.StandardItems.pdb
FeatureConfigurationTools,Citect.Ampla.Studio.SandDock.Gui.dll
FeatureConfigurationTools,Citect.Ampla.Studio.SandDock.Gui.pdb
FeatureConfigurationTools,Citect.Common.dll
FeatureConfigurationTools,Citect.Common.pdb
FeatureConfigurationTools,Citect.Common.Gui.dll
FeatureConfigurationTools,Citect.Common.Gui.pdb
FeatureConfigurationTools,Citect.Security.Authorization.AzMan.dll
FeatureConfigurationTools,Citect.Security.Authorization.AzMan.pdb
FeatureConfigurationTools,Citect.Security.Authorization.dll
FeatureConfigurationTools,Citect.Security.Authorization.pdb
FeatureConfigurationTools,Citect.Security.Identities.dll
FeatureConfigurationTools,Citect.Security.Identities.pdb
FeatureConfigurationTools,Citect.Security.Remoting.dll
FeatureConfigurationTools,Citect.Security.Remoting.pdb
FeatureConfigurationTools,Citect.Ampla.Installer.CustomActions.dll
FeatureConfigurationTools,AmplaExpression.cgt
FeatureConfigurationTools,Citect.Ampla.Connectors.PIConnector.QualityMappings
FeatureConfigurationTools,aaHistorian.dll
FeatureConfigurationTools,Autofac.dll
FeatureConfigurationTools,CalithaLib.dll
FeatureConfigurationTools,CiDebugHelp.dll
FeatureConfigurationTools,CT_IPC.dll
FeatureConfigurationTools,CtApi.dll
FeatureConfigurationTools,CTENG32.DLL
FeatureConfigurationTools,CTRES32.DLL
FeatureConfigurationTools,CTUTIL32.DLL
FeatureConfigurationTools,GoldParserEngine.dll
FeatureConfigurationTools,ICSharpCode.SharpZipLib.dll
FeatureConfigurationTools,Interop.Pisdk.dll
FeatureConfigurationTools,Interop.Pisdkcommon.dll
FeatureConfigurationTools,Interop.PiTimeserver.dll
FeatureConfigurationTools,Microsoft.Vbe.Interop.Forms.dll
FeatureConfigurationTools,OpcDaNet.dll
FeatureConfigurationTools,OpcHDAWrapper.dll
FeatureConfigurationTools,OpcNetBase.dll
FeatureConfigurationTools,SandDock.dll
FeatureConfigurationTools,Syncfusion.Core.dll
FeatureConfigurationTools,Syncfusion.Edit.Windows.Legacy.dll
FeatureConfigurationTools,Win32Security.dll
FeatureConfigurationTools,Xceed.Compression.dll
FeatureConfigurationTools,Xceed.Compression.Formats.dll
FeatureConfigurationTools,Xceed.Editors.dll
FeatureConfigurationTools,Xceed.FileSystem.dll
FeatureConfigurationTools,Xceed.Grid.dll
FeatureConfigurationTools,Xceed.SmartUI.Controls.dll
FeatureConfigurationTools,Xceed.SmartUI.dll
FeatureConfigurationTools,Xceed.SmartUI.UIStyle.dll
FeatureConfigurationTools,Xceed.SmartUI.UIStyle.WindowsXP.Silver.dll
FeatureConfigurationTools,Xceed.UI.WindowsXP.Silver.dll
FeatureConfigurationTools,Xceed.UI.dll
FeatureConfigurationTools,Xceed.Validation.dll
FeatureConfigurationTools,Xceed.Zip.dll
FeatureConfigurationTools,ActiveReports.dll
FeatureConfigurationTools,ActiveReports.PdfExport.dll
FeatureConfigurationTools,ActiveReports.Viewer.dll
FeatureConfigurationTools,ChartFX.WinForms.Adornments.dll
FeatureConfigurationTools,ChartFX.WinForms.Base.dll
FeatureConfigurationTools,ChartFX.WinForms.dll
FeatureConfigurationTools,ChartFX.WinForms.Statistical.dll
FeatureConfigurationTools,CSTools.dll
FeatureConfigurationTools,Eyefinder.dll
FeatureConfigurationTools,Interop.SHDocVw.dll
FeatureConfigurationTools,SubSystems.TernControl.dll
FeatureConfigurationTools,SubSystems.HTMLAddOn.dll
FeatureConfigurationTools,Infragistics2.Shared.v10.3.dll
FeatureConfigurationTools,Infragistics2.Win.UltraWinTabControl.v10.3.dll
FeatureConfigurationTools,Infragistics2.Win.Misc.v10.3.dll
FeatureConfigurationTools,Infragistics2.Win.v10.3.dll
FeatureClientApps,Citect.Ampla.Notification.Client.exe.config
FeatureClientApps,Citect.Ampla.ServiceModel.Extensions.config
FeatureClientApps,Citect.Ampla.ServiceModel.Behaviors.config
FeatureClientApps,Citect.Ampla.ServiceModel.Bindings.config
FeatureClientApps,Citect.Ampla.ServiceModel.Clients.config
FeatureClientApps,ProductionAnalyst.exe.config
FeatureClientApps,Citect.Ampla.Notification.Client.exe
FeatureClientApps,Citect.Ampla.Notification.Client.pdb
FeatureClientApps,ProductionAnalyst.exe
FeatureClientApps,ProductionAnalyst.pdb
FeatureClientApps,Citect.Ampla.General.Client.Common.dll
FeatureClientApps,Citect.Ampla.General.Client.Common.pdb
FeatureClientApps,ProductionAnalyst.Common.dll
FeatureClientApps,ProductionAnalyst.Common.pdb
FeatureClientApps,Citect.Ampla.Controls.dll
FeatureClientApps,Citect.Ampla.Controls.pdb
FeatureClientApps,Citect.Ampla.General.Client.dll
FeatureClientApps,Citect.Ampla.General.Client.pdb
FeatureClientApps,Citect.Ampla.General.Common.Chart.dll
FeatureClientApps,Citect.Ampla.General.Common.Chart.pdb
FeatureClientApps,Citect.Ampla.General.Common.dll
FeatureClientApps,Citect.Ampla.General.Common.pdb
FeatureClientApps,Citect.Ampla.General.Common.Gui.dll
FeatureClientApps,Citect.Ampla.General.Common.Gui.pdb
FeatureClientApps,Citect.Ampla.General.Common.Parsers.dll
FeatureClientApps,Citect.Ampla.General.Common.Parsers.pdb
FeatureClientApps,Citect.Ampla.Modules.Client.dll
FeatureClientApps,Citect.Ampla.Modules.Client.pdb
FeatureClientApps,Citect.Ampla.Modules.Common.dll
FeatureClientApps,Citect.Ampla.Modules.Common.pdb
FeatureClientApps,Citect.Ampla.WebServiceClients.dll
FeatureClientApps,Citect.Ampla.WebServiceClients.pdb
FeatureClientApps,Citect.Ampla.WebServices.Contracts.dll
FeatureClientApps,Citect.Ampla.WebServices.Contracts.pdb
FeatureClientApps,de.ProductionAnalyst.resources.dll
FeatureClientApps,de.ProductionAnalyst.Common.resources.dll
FeatureClientApps,de.Citect.Ampla.General.Client.Common.resources.dll
FeatureClientApps,es.ProductionAnalyst.resources.dll
FeatureClientApps,es.ProductionAnalyst.Common.resources.dll
FeatureClientApps,es.Citect.Ampla.General.Client.Common.resources.dll
FeatureClientApps,fr.ProductionAnalyst.resources.dll
FeatureClientApps,fr.ProductionAnalyst.Common.resources.dll
FeatureClientApps,fr.Citect.Ampla.General.Client.Common.resources.dll
FeatureClientApps,ptBr.ProductionAnalyst.resources.dll
FeatureClientApps,ptBr.ProductionAnalyst.Common.resources.dll
FeatureClientApps,ptBr.Citect.Ampla.General.Client.Common.resources.dll
FeatureClientApps,zhChs.ProductionAnalyst.resources.dll
FeatureClientApps,zhChs.ProductionAnalyst.Common.resources.dll
FeatureClientApps,zhChs.Citect.Ampla.General.Client.Common.resources.dll
FeatureClientApps,ru.ProductionAnalyst.resources.dll
FeatureClientApps,ru.ProductionAnalyst.Common.resources.dll
FeatureClientApps,ru.Citect.Ampla.General.Client.Common.resources.dll
FeatureClientApps,ClientRemoting.config
FeatureClientApps,ServerRemoting.config
FeatureClientApps,Citect.Ampla.Data.dll
FeatureClientApps,Citect.Ampla.Data.pdb
FeatureClientApps,Citect.Ampla.DataAccess.dll
FeatureClientApps,Citect.Ampla.DataAccess.pdb
FeatureClientApps,Citect.Ampla.DependencyInjection.dll
FeatureClientApps,Citect.Ampla.DependencyInjection.pdb
FeatureClientApps,Citect.Ampla.Framework.dll
FeatureClientApps,Citect.Ampla.Framework.pdb
FeatureClientApps,Citect.Ampla.Runtime.Data.dll
FeatureClientApps,Citect.Ampla.Runtime.Data.pdb
FeatureClientApps,Citect.Ampla.Runtime.Remoting.dll
FeatureClientApps,Citect.Ampla.Runtime.Remoting.pdb
FeatureClientApps,Citect.Common.dll
FeatureClientApps,Citect.Common.pdb
FeatureClientApps,Citect.Common.Gui.dll
FeatureClientApps,Citect.Common.Gui.pdb
FeatureClientApps,Citect.Security.Authorization.AzMan.dll
FeatureClientApps,Citect.Security.Authorization.AzMan.pdb
FeatureClientApps,Citect.Security.Authorization.dll
FeatureClientApps,Citect.Security.Authorization.pdb
FeatureClientApps,Citect.Security.Identities.dll
FeatureClientApps,Citect.Security.Identities.pdb
FeatureClientApps,Citect.Security.Remoting.dll
FeatureClientApps,Citect.Security.Remoting.pdb
FeatureClientApps,Autofac.dll
FeatureClientApps,Xceed.Compression.dll
FeatureClientApps,Xceed.Compression.Formats.dll
FeatureClientApps,Xceed.Editors.dll
FeatureClientApps,Xceed.FileSystem.dll
FeatureClientApps,Xceed.Grid.dll
FeatureClientApps,Xceed.SmartUI.Controls.dll
FeatureClientApps,Xceed.SmartUI.dll
FeatureClientApps,Xceed.SmartUI.UIStyle.dll
FeatureClientApps,Xceed.SmartUI.UIStyle.WindowsXP.Silver.dll
FeatureClientApps,Xceed.UI.WindowsXP.Silver.dll
FeatureClientApps,Xceed.UI.dll
FeatureClientApps,Xceed.Validation.dll
FeatureClientApps,Xceed.Zip.dll
FeatureClientApps,AxInterop.SHDocVw.dll
FeatureClientApps,ChartFX.WinForms.Adornments.dll
FeatureClientApps,ChartFX.WinForms.Base.dll
FeatureClientApps,ChartFX.WinForms.dll
FeatureClientApps,ChartFX.WinForms.Statistical.dll
FeatureClientApps,CSTools.dll
FeatureClientApps,Eyefinder.dll
FeatureClientApps,Interop.SHDocVw.dll
FeatureClientApps,PlexityHide.GTP.dll
FeatureClientApps,Northwoods.Go.DLL
FeatureClientApps,Northwoods.Go.Layout.dll
FeatureClientApps,SubSystems.TernControl.dll
FeatureClientApps,SubSystems.HTMLAddOn.dll
FeatureClientApps,Infragistics2.Shared.v10.3.dll
FeatureClientApps,Infragistics2.Win.UltraWinTabControl.v10.3.dll
FeatureClientApps,Infragistics2.Win.Misc.v10.3.dll
FeatureClientApps,Infragistics2.Win.v10.3.dll
FeatureClientApps,C__B91E50AC5E204BC9867A0A54EFF7423F.3689E6D571634F2294B5E633BF0B0BA1
FeatureAmpla,RemoveTempFiles
FeatureAmpla,AmplaShortcutFolder
FeatureAmpla,ProductInformation
FeatureAmpla,AssemblyFoldersRegistryValue
FeatureAmpla,RemoveRunTimeInstalledAssemblies
FeatureAmpla,ReleaseNotes.pdf
FeatureDocumentation,Ampla.chm
FeatureDocumentation,AmplaInstallationGuide.pdf
Feature_Lang_ZhChs,Citect.Ampla.General.Common.Parsers.zh.CHS.dll
Feature_Lang_ZhChs,zhChs.Citect.Ampla.ActiveReports.Server.resources.dll
Feature_Lang_ZhChs,zhChs.Citect.Ampla.Connectors.FileConnector.resources.dll
Feature_Lang_ZhChs,zhChs.Citect.Ampla.Connectors.SerialConnectors.resources.dll
Feature_Lang_ZhChs,zhChs.Citect.Ampla.Controls.resources.dll
Feature_Lang_ZhChs,zhChs.Citect.Ampla.Cost.Server.resources.dll
Feature_Lang_ZhChs,zhChs.Citect.Ampla.Downtime.Server.ActiveReports.resources.dll
Feature_Lang_ZhChs,zhChs.Citect.Ampla.Downtime.Server.resources.dll
Feature_Lang_ZhChs,zhChs.Citect.Ampla.Energy.Server.resources.dll
Feature_Lang_ZhChs,zhChs.Citect.Ampla.Framework.Extras.resources.dll
Feature_Lang_ZhChs,zhChs.Citect.Ampla.General.Client.resources.dll
Feature_Lang_ZhChs,zhChs.Citect.Ampla.General.Common.Chart.resources.dll
Feature_Lang_ZhChs,zhChs.Citect.Ampla.General.Common.Gui.resources.dll
Feature_Lang_ZhChs,zhChs.Citect.Ampla.General.Common.resources.dll
Feature_Lang_ZhChs,zhChs.Citect.Ampla.General.Server.ActiveReports.resources.dll
Feature_Lang_ZhChs,zhChs.Citect.Ampla.General.Server.resources.dll
Feature_Lang_ZhChs,zhChs.Citect.Ampla.Inventory.Server.resources.dll
Feature_Lang_ZhChs,zhChs.Citect.Ampla.Knowledge.Server.resources.dll
Feature_Lang_ZhChs,zhChs.Citect.Ampla.Maintenance.Server.resources.dll
Feature_Lang_ZhChs,zhChs.Citect.Ampla.MasterData.Activities.resources.dll
Feature_Lang_ZhChs,zhChs.Citect.Ampla.MasterData.Server.resources.dll
Feature_Lang_ZhChs,zhChs.Citect.Ampla.MessageQueue.Server.resources.dll
Feature_Lang_ZhChs,zhChs.Citect.Ampla.Metrics.Server.resources.dll
Feature_Lang_ZhChs,zhChs.Citect.Ampla.Modules.Client.resources.dll
Feature_Lang_ZhChs,zhChs.Citect.Ampla.Modules.Common.resources.dll
Feature_Lang_ZhChs,zhChs.Citect.Ampla.MSSQL.Server.resources.dll
Feature_Lang_ZhChs,zhChs.Citect.Ampla.Notification.Client.resources.dll
Feature_Lang_ZhChs,zhChs.Citect.Ampla.Notification.Server.resources.dll
Feature_Lang_ZhChs,zhChs.Citect.Ampla.Planning.Recipe.Server.ActiveReports.resources.dll
Feature_Lang_ZhChs,zhChs.Citect.Ampla.Planning.Recipe.Server.resources.dll
Feature_Lang_ZhChs,zhChs.Citect.Ampla.Planning.Server.resources.dll
Feature_Lang_ZhChs,zhChs.Citect.Ampla.Plant2Business.Activities.resources.dll
Feature_Lang_ZhChs,zhChs.Citect.Ampla.Plant2Business.Mapping.resources.dll
Feature_Lang_ZhChs,zhChs.Citect.Ampla.Plant2Business.Server.resources.dll
Feature_Lang_ZhChs,zhChs.Citect.Ampla.Production.Server.ActiveReports.resources.dll
Feature_Lang_ZhChs,zhChs.Citect.Ampla.Production.Server.resources.dll
Feature_Lang_ZhChs,zhChs.Citect.Ampla.Public.MSSQL.resources.dll
Feature_Lang_ZhChs,zhChs.Citect.Ampla.Quality.Server.ActiveReports.resources.dll
Feature_Lang_ZhChs,zhChs.Citect.Ampla.Quality.Server.resources.dll
Feature_Lang_ZhChs,zhChs.Citect.Ampla.WebServices.resources.dll
Feature_Lang_ZhChs,zhChs.Citect.Ampla.Workflow.Common.resources.dll
Feature_Lang_ZhChs,zhChs.Citect.Ampla.Workflow.ServiceHost.resources.dll
Feature_Lang_ZhChs,zhChs.ControlEditor.resources.dll
Feature_Lang_ZhChs,zhChs.Citect.Ampla.Connectors.InSqlHdpConnector.resources.dll
Feature_Lang_ZhChs,zhChs.Citect.Ampla.Connectors.OleDbConnector.resources.dll
Feature_Lang_ZhChs,zhChs.Citect.Ampla.Connectors.OpcConnector.resources.dll
Feature_Lang_ZhChs,zhChs.Citect.Ampla.Connectors.ScadaConnector.resources.dll
Feature_Lang_ZhChs,zhChs.Citect.Ampla.Framework.resources.dll
Feature_Lang_ZhChs,zhChs.Citect.Ampla.Framework.Gui.resources.dll
Feature_Lang_ZhChs,zhChs.Citect.Ampla.Runtime.Data.resources.dll
Feature_Lang_ZhChs,zhChs.Citect.Ampla.Service.resources.dll
Feature_Lang_ZhChs,zhChs.Citect.Ampla.ServiceCore.resources.dll
Feature_Lang_ZhChs,zhChs.Citect.Ampla.Services.Manager.Gui.resources.dll
Feature_Lang_ZhChs,zhChs.Citect.Ampla.StandardItems.resources.dll
Feature_Lang_ZhChs,zhChs.Citect.Ampla.Studio.resources.dll
Feature_Lang_ZhChs,zhChs.Citect.Ampla.Studio.SandDock.Gui.resources.dll
Feature_Lang_ZhChs,zhChs.Citect.Common.resources.dll
Feature_Lang_ZhChs,zhChs.Citect.Common.Gui.resources.dll
Feature_Lang_ZhChs,zhChs.Citect.Security.Authorization.resources.dll
Feature_Lang_ZhChs,zhChs.Citect.Security.Identities.resources.dll
Feature_Lang_ZhChs,zhChs.ChartFX.WinForms.resources.dll
FeatureLangFr,Citect.Ampla.General.Common.Parsers.fr.dll
FeatureLangFr,fr.Citect.Ampla.ActiveReports.Server.resources.dll
FeatureLangFr,fr.Citect.Ampla.Connectors.FileConnector.resources.dll
FeatureLangFr,fr.Citect.Ampla.Connectors.SerialConnectors.resources.dll
FeatureLangFr,fr.Citect.Ampla.Controls.resources.dll
FeatureLangFr,fr.Citect.Ampla.Cost.Server.resources.dll
FeatureLangFr,fr.Citect.Ampla.Downtime.Server.ActiveReports.resources.dll
FeatureLangFr,fr.Citect.Ampla.Downtime.Server.resources.dll
FeatureLangFr,fr.Citect.Ampla.Energy.Server.resources.dll
FeatureLangFr,fr.Citect.Ampla.Framework.Extras.resources.dll
FeatureLangFr,fr.Citect.Ampla.General.Client.resources.dll
FeatureLangFr,fr.Citect.Ampla.General.Common.Chart.resources.dll
FeatureLangFr,fr.Citect.Ampla.General.Common.Gui.resources.dll
FeatureLangFr,fr.Citect.Ampla.General.Common.resources.dll
FeatureLangFr,fr.Citect.Ampla.General.Server.ActiveReports.resources.dll
FeatureLangFr,fr.Citect.Ampla.General.Server.resources.dll
FeatureLangFr,fr.Citect.Ampla.Inventory.Server.resources.dll
FeatureLangFr,fr.Citect.Ampla.Knowledge.Server.resources.dll
FeatureLangFr,fr.Citect.Ampla.Maintenance.Server.resources.dll
FeatureLangFr,fr.Citect.Ampla.MasterData.Activities.resources.dll
FeatureLangFr,fr.Citect.Ampla.MasterData.Server.resources.dll
FeatureLangFr,fr.Citect.Ampla.MessageQueue.Server.resources.dll
FeatureLangFr,fr.Citect.Ampla.Metrics.Server.resources.dll
FeatureLangFr,fr.Citect.Ampla.Modules.Client.resources.dll
FeatureLangFr,fr.Citect.Ampla.Modules.Common.resources.dll
FeatureLangFr,fr.Citect.Ampla.MSSQL.Server.resources.dll
FeatureLangFr,fr.Citect.Ampla.Notification.Client.resources.dll
FeatureLangFr,fr.Citect.Ampla.Notification.Server.resources.dll
FeatureLangFr,fr.Citect.Ampla.Planning.Recipe.Server.ActiveReports.resources.dll
FeatureLangFr,fr.Citect.Ampla.Planning.Recipe.Server.resources.dll
FeatureLangFr,fr.Citect.Ampla.Planning.Server.resources.dll
FeatureLangFr,fr.Citect.Ampla.Plant2Business.Activities.resources.dll
FeatureLangFr,fr.Citect.Ampla.Plant2Business.Mapping.resources.dll
FeatureLangFr,fr.Citect.Ampla.Plant2Business.Server.resources.dll
FeatureLangFr,fr.Citect.Ampla.Production.Server.ActiveReports.resources.dll
FeatureLangFr,fr.Citect.Ampla.Production.Server.resources.dll
FeatureLangFr,fr.Citect.Ampla.Public.MSSQL.resources.dll
FeatureLangFr,fr.Citect.Ampla.Quality.Server.ActiveReports.resources.dll
FeatureLangFr,fr.Citect.Ampla.Quality.Server.resources.dll
FeatureLangFr,fr.Citect.Ampla.WebServices.resources.dll
FeatureLangFr,fr.Citect.Ampla.Workflow.Common.resources.dll
FeatureLangFr,fr.Citect.Ampla.Workflow.ServiceHost.resources.dll
FeatureLangFr,fr.ControlEditor.resources.dll
FeatureLangFr,fr.Citect.Ampla.Connectors.InSqlHdpConnector.resources.dll
FeatureLangFr,fr.Citect.Ampla.Connectors.OleDbConnector.resources.dll
FeatureLangFr,fr.Citect.Ampla.Connectors.OpcConnector.resources.dll
FeatureLangFr,fr.Citect.Ampla.Connectors.ScadaConnector.resources.dll
FeatureLangFr,fr.Citect.Ampla.Framework.resources.dll
FeatureLangFr,fr.Citect.Ampla.Framework.Gui.resources.dll
FeatureLangFr,fr.Citect.Ampla.Runtime.Data.resources.dll
FeatureLangFr,fr.Citect.Ampla.Service.resources.dll
FeatureLangFr,fr.Citect.Ampla.ServiceCore.resources.dll
FeatureLangFr,fr.Citect.Ampla.Services.Manager.Gui.resources.dll
FeatureLangFr,fr.Citect.Ampla.StandardItems.resources.dll
FeatureLangFr,fr.Citect.Ampla.Studio.resources.dll
FeatureLangFr,fr.Citect.Ampla.Studio.SandDock.Gui.resources.dll
FeatureLangFr,fr.Citect.Common.resources.dll
FeatureLangFr,fr.Citect.Common.Gui.resources.dll
FeatureLangFr,fr.Citect.Security.Authorization.resources.dll
FeatureLangFr,fr.Citect.Security.Identities.resources.dll
FeatureLangFr,fr.ChartFX.WinForms.resources.dll
FeatureLangDe,Citect.Ampla.General.Common.Parsers.de.dll
FeatureLangDe,de.Citect.Ampla.ActiveReports.Server.resources.dll
FeatureLangDe,de.Citect.Ampla.Connectors.FileConnector.resources.dll
FeatureLangDe,de.Citect.Ampla.Connectors.SerialConnectors.resources.dll
FeatureLangDe,de.Citect.Ampla.Controls.resources.dll
FeatureLangDe,de.Citect.Ampla.Cost.Server.resources.dll
FeatureLangDe,de.Citect.Ampla.Downtime.Server.ActiveReports.resources.dll
FeatureLangDe,de.Citect.Ampla.Downtime.Server.resources.dll
FeatureLangDe,de.Citect.Ampla.Energy.Server.resources.dll
FeatureLangDe,de.Citect.Ampla.Framework.Extras.resources.dll
FeatureLangDe,de.Citect.Ampla.General.Client.resources.dll
FeatureLangDe,de.Citect.Ampla.General.Common.Chart.resources.dll
FeatureLangDe,de.Citect.Ampla.General.Common.Gui.resources.dll
FeatureLangDe,de.Citect.Ampla.General.Common.resources.dll
FeatureLangDe,de.Citect.Ampla.General.Server.ActiveReports.resources.dll
FeatureLangDe,de.Citect.Ampla.General.Server.resources.dll
FeatureLangDe,de.Citect.Ampla.Inventory.Server.resources.dll
FeatureLangDe,de.Citect.Ampla.Knowledge.Server.resources.dll
FeatureLangDe,de.Citect.Ampla.Maintenance.Server.resources.dll
FeatureLangDe,de.Citect.Ampla.MasterData.Activities.resources.dll
FeatureLangDe,de.Citect.Ampla.MasterData.Server.resources.dll
FeatureLangDe,de.Citect.Ampla.MessageQueue.Server.resources.dll
FeatureLangDe,de.Citect.Ampla.Metrics.Server.resources.dll
FeatureLangDe,de.Citect.Ampla.Modules.Client.resources.dll
FeatureLangDe,de.Citect.Ampla.Modules.Common.resources.dll
FeatureLangDe,de.Citect.Ampla.MSSQL.Server.resources.dll
FeatureLangDe,de.Citect.Ampla.Notification.Client.resources.dll
FeatureLangDe,de.Citect.Ampla.Notification.Server.resources.dll
FeatureLangDe,de.Citect.Ampla.Planning.Recipe.Server.ActiveReports.resources.dll
FeatureLangDe,de.Citect.Ampla.Planning.Recipe.Server.resources.dll
FeatureLangDe,de.Citect.Ampla.Planning.Server.resources.dll
FeatureLangDe,de.Citect.Ampla.Plant2Business.Activities.resources.dll
FeatureLangDe,de.Citect.Ampla.Plant2Business.Mapping.resources.dll
FeatureLangDe,de.Citect.Ampla.Plant2Business.Server.resources.dll
FeatureLangDe,de.Citect.Ampla.Production.Server.ActiveReports.resources.dll
FeatureLangDe,de.Citect.Ampla.Production.Server.resources.dll
FeatureLangDe,de.Citect.Ampla.Public.MSSQL.resources.dll
FeatureLangDe,de.Citect.Ampla.Quality.Server.ActiveReports.resources.dll
FeatureLangDe,de.Citect.Ampla.Quality.Server.resources.dll
FeatureLangDe,de.Citect.Ampla.WebServices.resources.dll
FeatureLangDe,de.Citect.Ampla.Workflow.Common.resources.dll
FeatureLangDe,de.Citect.Ampla.Workflow.ServiceHost.resources.dll
FeatureLangDe,de.ControlEditor.resources.dll
FeatureLangDe,de.Citect.Ampla.Connectors.InSqlHdpConnector.resources.dll
FeatureLangDe,de.Citect.Ampla.Connectors.OleDbConnector.resources.dll
FeatureLangDe,de.Citect.Ampla.Connectors.OpcConnector.resources.dll
FeatureLangDe,de.Citect.Ampla.Connectors.ScadaConnector.resources.dll
FeatureLangDe,de.Citect.Ampla.Framework.resources.dll
FeatureLangDe,de.Citect.Ampla.Framework.Gui.resources.dll
FeatureLangDe,de.Citect.Ampla.Runtime.Data.resources.dll
FeatureLangDe,de.Citect.Ampla.Service.resources.dll
FeatureLangDe,de.Citect.Ampla.ServiceCore.resources.dll
FeatureLangDe,de.Citect.Ampla.Services.Manager.Gui.resources.dll
FeatureLangDe,de.Citect.Ampla.StandardItems.resources.dll
FeatureLangDe,de.Citect.Ampla.Studio.resources.dll
FeatureLangDe,de.Citect.Ampla.Studio.SandDock.Gui.resources.dll
FeatureLangDe,de.Citect.Common.resources.dll
FeatureLangDe,de.Citect.Common.Gui.resources.dll
FeatureLangDe,de.Citect.Security.Authorization.resources.dll
FeatureLangDe,de.Citect.Security.Identities.resources.dll
FeatureLangDe,de.ChartFX.WinForms.resources.dll
FeatureLangPtBr,Citect.Ampla.General.Common.Parsers.pt.BR.dll
FeatureLangPtBr,ptBr.Citect.Ampla.ActiveReports.Server.resources.dll
FeatureLangPtBr,ptBr.Citect.Ampla.Connectors.FileConnector.resources.dll
FeatureLangPtBr,ptBr.Citect.Ampla.Connectors.SerialConnectors.resources.dll
FeatureLangPtBr,ptBr.Citect.Ampla.Controls.resources.dll
FeatureLangPtBr,ptBr.Citect.Ampla.Cost.Server.resources.dll
FeatureLangPtBr,ptBr.Citect.Ampla.Downtime.Server.ActiveReports.resources.dll
FeatureLangPtBr,ptBr.Citect.Ampla.Downtime.Server.resources.dll
FeatureLangPtBr,ptBr.Citect.Ampla.Energy.Server.resources.dll
FeatureLangPtBr,ptBr.Citect.Ampla.Framework.Extras.resources.dll
FeatureLangPtBr,ptBr.Citect.Ampla.General.Client.resources.dll
FeatureLangPtBr,ptBr.Citect.Ampla.General.Common.Chart.resources.dll
FeatureLangPtBr,ptBr.Citect.Ampla.General.Common.Gui.resources.dll
FeatureLangPtBr,ptBr.Citect.Ampla.General.Common.resources.dll
FeatureLangPtBr,ptBr.Citect.Ampla.General.Server.ActiveReports.resources.dll
FeatureLangPtBr,ptBr.Citect.Ampla.General.Server.resources.dll
FeatureLangPtBr,ptBr.Citect.Ampla.Inventory.Server.resources.dll
FeatureLangPtBr,ptBr.Citect.Ampla.Knowledge.Server.resources.dll
FeatureLangPtBr,ptBr.Citect.Ampla.Maintenance.Server.resources.dll
FeatureLangPtBr,ptBr.Citect.Ampla.MasterData.Activities.resources.dll
FeatureLangPtBr,ptBr.Citect.Ampla.MasterData.Server.resources.dll
FeatureLangPtBr,ptBr.Citect.Ampla.MessageQueue.Server.resources.dll
FeatureLangPtBr,ptBr.Citect.Ampla.Metrics.Server.resources.dll
FeatureLangPtBr,ptBr.Citect.Ampla.Modules.Client.resources.dll
FeatureLangPtBr,ptBr.Citect.Ampla.Modules.Common.resources.dll
FeatureLangPtBr,ptBr.Citect.Ampla.MSSQL.Server.resources.dll
FeatureLangPtBr,ptBr.Citect.Ampla.Notification.Client.resources.dll
FeatureLangPtBr,ptBr.Citect.Ampla.Notification.Server.resources.dll
FeatureLangPtBr,ptBr.Citect.Ampla.Planning.Recipe.Server.ActiveReports.resources.dll
FeatureLangPtBr,ptBr.Citect.Ampla.Planning.Recipe.Server.resources.dll
FeatureLangPtBr,ptBr.Citect.Ampla.Planning.Server.resources.dll
FeatureLangPtBr,ptBr.Citect.Ampla.Plant2Business.Activities.resources.dll
FeatureLangPtBr,ptBr.Citect.Ampla.Plant2Business.Mapping.resources.dll
FeatureLangPtBr,ptBr.Citect.Ampla.Plant2Business.Server.resources.dll
FeatureLangPtBr,ptBr.Citect.Ampla.Production.Server.ActiveReports.resources.dll
FeatureLangPtBr,ptBr.Citect.Ampla.Production.Server.resources.dll
FeatureLangPtBr,ptBr.Citect.Ampla.Public.MSSQL.resources.dll
FeatureLangPtBr,ptBr.Citect.Ampla.Quality.Server.ActiveReports.resources.dll
FeatureLangPtBr,ptBr.Citect.Ampla.Quality.Server.resources.dll
FeatureLangPtBr,ptBr.Citect.Ampla.WebServices.resources.dll
FeatureLangPtBr,ptBr.Citect.Ampla.Workflow.Common.resources.dll
FeatureLangPtBr,ptBr.Citect.Ampla.Workflow.ServiceHost.resources.dll
FeatureLangPtBr,ptBr.ControlEditor.resources.dll
FeatureLangPtBr,ptBr.Citect.Ampla.Connectors.InSqlHdpConnector.resources.dll
FeatureLangPtBr,ptBr.Citect.Ampla.Connectors.OleDbConnector.resources.dll
FeatureLangPtBr,ptBr.Citect.Ampla.Connectors.OpcConnector.resources.dll
FeatureLangPtBr,ptBr.Citect.Ampla.Connectors.ScadaConnector.resources.dll
FeatureLangPtBr,ptBr.Citect.Ampla.Framework.resources.dll
FeatureLangPtBr,ptBr.Citect.Ampla.Framework.Gui.resources.dll
FeatureLangPtBr,ptBr.Citect.Ampla.Runtime.Data.resources.dll
FeatureLangPtBr,ptBr.Citect.Ampla.Service.resources.dll
FeatureLangPtBr,ptBr.Citect.Ampla.ServiceCore.resources.dll
FeatureLangPtBr,ptBr.Citect.Ampla.Services.Manager.Gui.resources.dll
FeatureLangPtBr,ptBr.Citect.Ampla.StandardItems.resources.dll
FeatureLangPtBr,ptBr.Citect.Ampla.Studio.resources.dll
FeatureLangPtBr,ptBr.Citect.Ampla.Studio.SandDock.Gui.resources.dll
FeatureLangPtBr,ptBr.Citect.Common.resources.dll
FeatureLangPtBr,ptBr.Citect.Common.Gui.resources.dll
FeatureLangPtBr,ptBr.Citect.Security.Authorization.resources.dll
FeatureLangPtBr,ptBr.Citect.Security.Identities.resources.dll
FeatureLangPtBr,ptBr.ChartFX.WinForms.resources.dll
FeatureLangEs,Citect.Ampla.General.Common.Parsers.es.dll
FeatureLangEs,es.Citect.Ampla.ActiveReports.Server.resources.dll
FeatureLangEs,es.Citect.Ampla.Connectors.FileConnector.resources.dll
FeatureLangEs,es.Citect.Ampla.Connectors.SerialConnectors.resources.dll
FeatureLangEs,es.Citect.Ampla.Controls.resources.dll
FeatureLangEs,es.Citect.Ampla.Cost.Server.resources.dll
FeatureLangEs,es.Citect.Ampla.Downtime.Server.ActiveReports.resources.dll
FeatureLangEs,es.Citect.Ampla.Downtime.Server.resources.dll
FeatureLangEs,es.Citect.Ampla.Energy.Server.resources.dll
FeatureLangEs,es.Citect.Ampla.Framework.Extras.resources.dll
FeatureLangEs,es.Citect.Ampla.General.Client.resources.dll
FeatureLangEs,es.Citect.Ampla.General.Common.Chart.resources.dll
FeatureLangEs,es.Citect.Ampla.General.Common.Gui.resources.dll
FeatureLangEs,es.Citect.Ampla.General.Common.resources.dll
FeatureLangEs,es.Citect.Ampla.General.Server.ActiveReports.resources.dll
FeatureLangEs,es.Citect.Ampla.General.Server.resources.dll
FeatureLangEs,es.Citect.Ampla.Inventory.Server.resources.dll
FeatureLangEs,es.Citect.Ampla.Knowledge.Server.resources.dll
FeatureLangEs,es.Citect.Ampla.Maintenance.Server.resources.dll
FeatureLangEs,es.Citect.Ampla.MasterData.Activities.resources.dll
FeatureLangEs,es.Citect.Ampla.MasterData.Server.resources.dll
FeatureLangEs,es.Citect.Ampla.MessageQueue.Server.resources.dll
FeatureLangEs,es.Citect.Ampla.Metrics.Server.resources.dll
FeatureLangEs,es.Citect.Ampla.Modules.Client.resources.dll
FeatureLangEs,es.Citect.Ampla.Modules.Common.resources.dll
FeatureLangEs,es.Citect.Ampla.MSSQL.Server.resources.dll
FeatureLangEs,es.Citect.Ampla.Notification.Client.resources.dll
FeatureLangEs,es.Citect.Ampla.Notification.Server.resources.dll
FeatureLangEs,es.Citect.Ampla.Planning.Recipe.Server.ActiveReports.resources.dll
FeatureLangEs,es.Citect.Ampla.Planning.Recipe.Server.resources.dll
FeatureLangEs,es.Citect.Ampla.Planning.Server.resources.dll
FeatureLangEs,es.Citect.Ampla.Plant2Business.Activities.resources.dll
FeatureLangEs,es.Citect.Ampla.Plant2Business.Mapping.resources.dll
FeatureLangEs,es.Citect.Ampla.Plant2Business.Server.resources.dll
FeatureLangEs,es.Citect.Ampla.Production.Server.ActiveReports.resources.dll
FeatureLangEs,es.Citect.Ampla.Production.Server.resources.dll
FeatureLangEs,es.Citect.Ampla.Public.MSSQL.resources.dll
FeatureLangEs,es.Citect.Ampla.Quality.Server.ActiveReports.resources.dll
FeatureLangEs,es.Citect.Ampla.Quality.Server.resources.dll
FeatureLangEs,es.Citect.Ampla.WebServices.resources.dll
FeatureLangEs,es.Citect.Ampla.Workflow.Common.resources.dll
FeatureLangEs,es.Citect.Ampla.Workflow.ServiceHost.resources.dll
FeatureLangEs,es.ControlEditor.resources.dll
FeatureLangEs,es.Citect.Ampla.Connectors.InSqlHdpConnector.resources.dll
FeatureLangEs,es.Citect.Ampla.Connectors.OleDbConnector.resources.dll
FeatureLangEs,es.Citect.Ampla.Connectors.OpcConnector.resources.dll
FeatureLangEs,es.Citect.Ampla.Connectors.ScadaConnector.resources.dll
FeatureLangEs,es.Citect.Ampla.Framework.resources.dll
FeatureLangEs,es.Citect.Ampla.Framework.Gui.resources.dll
FeatureLangEs,es.Citect.Ampla.Runtime.Data.resources.dll
FeatureLangEs,es.Citect.Ampla.Service.resources.dll
FeatureLangEs,es.Citect.Ampla.ServiceCore.resources.dll
FeatureLangEs,es.Citect.Ampla.Services.Manager.Gui.resources.dll
FeatureLangEs,es.Citect.Ampla.StandardItems.resources.dll
FeatureLangEs,es.Citect.Ampla.Studio.resources.dll
FeatureLangEs,es.Citect.Ampla.Studio.SandDock.Gui.resources.dll
FeatureLangEs,es.Citect.Common.resources.dll
FeatureLangEs,es.Citect.Common.Gui.resources.dll
FeatureLangEs,es.Citect.Security.Authorization.resources.dll
FeatureLangEs,es.Citect.Security.Identities.resources.dll
FeatureLangEs,es.ChartFX.WinForms.resources.dll
FeatureLangRu,Citect.Ampla.General.Common.Parsers.ru.dll
FeatureLangRu,ru.Citect.Ampla.ActiveReports.Server.resources.dll
FeatureLangRu,ru.Citect.Ampla.Connectors.FileConnector.resources.dll
FeatureLangRu,ru.Citect.Ampla.Connectors.SerialConnectors.resources.dll
FeatureLangRu,ru.Citect.Ampla.Controls.resources.dll
FeatureLangRu,ru.Citect.Ampla.Cost.Server.resources.dll
FeatureLangRu,ru.Citect.Ampla.Downtime.Server.ActiveReports.resources.dll
FeatureLangRu,ru.Citect.Ampla.Downtime.Server.resources.dll
FeatureLangRu,ru.Citect.Ampla.Energy.Server.resources.dll
FeatureLangRu,ru.Citect.Ampla.Framework.Extras.resources.dll
FeatureLangRu,ru.Citect.Ampla.General.Client.resources.dll
FeatureLangRu,ru.Citect.Ampla.General.Common.Chart.resources.dll
FeatureLangRu,ru.Citect.Ampla.General.Common.Gui.resources.dll
FeatureLangRu,ru.Citect.Ampla.General.Common.resources.dll
FeatureLangRu,ru.Citect.Ampla.General.Server.ActiveReports.resources.dll
FeatureLangRu,ru.Citect.Ampla.General.Server.resources.dll
FeatureLangRu,ru.Citect.Ampla.Inventory.Server.resources.dll
FeatureLangRu,ru.Citect.Ampla.Knowledge.Server.resources.dll
FeatureLangRu,ru.Citect.Ampla.Maintenance.Server.resources.dll
FeatureLangRu,ru.Citect.Ampla.MasterData.Activities.resources.dll
FeatureLangRu,ru.Citect.Ampla.MasterData.Server.resources.dll
FeatureLangRu,ru.Citect.Ampla.MessageQueue.Server.resources.dll
FeatureLangRu,ru.Citect.Ampla.Metrics.Server.resources.dll
FeatureLangRu,ru.Citect.Ampla.Modules.Client.resources.dll
FeatureLangRu,ru.Citect.Ampla.Modules.Common.resources.dll
FeatureLangRu,ru.Citect.Ampla.MSSQL.Server.resources.dll
FeatureLangRu,ru.Citect.Ampla.Notification.Client.resources.dll
FeatureLangRu,ru.Citect.Ampla.Notification.Server.resources.dll
FeatureLangRu,ru.Citect.Ampla.Planning.Recipe.Server.ActiveReports.resources.dll
FeatureLangRu,ru.Citect.Ampla.Planning.Recipe.Server.resources.dll
FeatureLangRu,ru.Citect.Ampla.Planning.Server.resources.dll
FeatureLangRu,ru.Citect.Ampla.Plant2Business.Activities.resources.dll
FeatureLangRu,ru.Citect.Ampla.Plant2Business.Mapping.resources.dll
FeatureLangRu,ru.Citect.Ampla.Plant2Business.Server.resources.dll
FeatureLangRu,ru.Citect.Ampla.Production.Server.ActiveReports.resources.dll
FeatureLangRu,ru.Citect.Ampla.Production.Server.resources.dll
FeatureLangRu,ru.Citect.Ampla.Public.MSSQL.resources.dll
FeatureLangRu,ru.Citect.Ampla.Quality.Server.ActiveReports.resources.dll
FeatureLangRu,ru.Citect.Ampla.Quality.Server.resources.dll
FeatureLangRu,ru.Citect.Ampla.WebServices.resources.dll
FeatureLangRu,ru.Citect.Ampla.Workflow.Common.resources.dll
FeatureLangRu,ru.Citect.Ampla.Workflow.ServiceHost.resources.dll
FeatureLangRu,ru.ControlEditor.resources.dll
