Component_,Guid
uplevel.98CB24AD_52FB_DB5F_FF1F_C8B3B9A1E18E,{98CB24AD-52FB-DB5F-A01F-C8B3B9A1E18E}
downlevel_manifest.8.0.50727.762.98CB24AD_52FB_DB5F_FF1F_C8B3B9A1E18E,{9BFFB8F8-F55F-10B2-C01F-C8B3B9A1E18E}
downlevel_payload.8.0.50727.762.98CB24AD_52FB_DB5F_FF1F_C8B3B9A1E18E,{9BFFB8F8-F55F-10B2-B01F-C8B3B9A1E18E}
downlevel_payload.98CB24AD_52FB_DB5F_FF1F_C8B3B9A1E18E,{98CB24AD-52FB-DB5F-B01F-C8B3B9A1E18E}
downlevel_manifest.98CB24AD_52FB_DB5F_FF1F_C8B3B9A1E18E,{98CB24AD-52FB-DB5F-C01F-C8B3B9A1E18E}
downlevel_manifest.8.0.50727.89.98CB24AD_52FB_DB5F_FF1F_C8B3B9A1E18E,{98CB1B80-5997-DB5F-C01F-C8B3B9A1E18E}
downlevel_payload.8.0.50727.89.98CB24AD_52FB_DB5F_FF1F_C8B3B9A1E18E,{98CB1B80-5997-DB5F-B01F-C8B3B9A1E18E}
downlevel_manifest.8.0.50727.94.98CB24AD_52FB_DB5F_FF1F_C8B3B9A1E18E,{98CB1712-5C31-DB5F-C01F-C8B3B9A1E18E}
downlevel_manifest.8.0.50727.93.98CB24AD_52FB_DB5F_FF1F_C8B3B9A1E18E,{98CB16C1-5C55-DB5F-C01F-C8B3B9A1E18E}
downlevel_manifest.8.0.50727.95.98CB24AD_52FB_DB5F_FF1F_C8B3B9A1E18E,{98CB1763-5C0D-DB5F-C01F-C8B3B9A1E18E}
downlevel_payload.8.0.50727.93.98CB24AD_52FB_DB5F_FF1F_C8B3B9A1E18E,{98CB16C1-5C55-DB5F-B01F-C8B3B9A1E18E}
downlevel_payload.8.0.50727.94.98CB24AD_52FB_DB5F_FF1F_C8B3B9A1E18E,{98CB1712-5C31-DB5F-B01F-C8B3B9A1E18E}
downlevel_manifest.8.0.50727.96.98CB24AD_52FB_DB5F_FF1F_C8B3B9A1E18E,{98CB17B4-5BE9-DB5F-C01F-C8B3B9A1E18E}
downlevel_payload.8.0.50727.95.98CB24AD_52FB_DB5F_FF1F_C8B3B9A1E18E,{98CB1763-5C0D-DB5F-B01F-C8B3B9A1E18E}
downlevel_manifest.8.0.50727.97.98CB24AD_52FB_DB5F_FF1F_C8B3B9A1E18E,{98CB1805-5BC5-DB5F-C01F-C8B3B9A1E18E}
downlevel_manifest.8.0.50727.98.98CB24AD_52FB_DB5F_FF1F_C8B3B9A1E18E,{98CB1856-5BA1-DB5F-C01F-C8B3B9A1E18E}
downlevel_payload.8.0.50727.96.98CB24AD_52FB_DB5F_FF1F_C8B3B9A1E18E,{98CB17B4-5BE9-DB5F-B01F-C8B3B9A1E18E}
downlevel_manifest.8.0.50727.100.98CB24AD_52FB_DB5F_FF1F_C8B3B9A1E18E,{9C01957A-EA3F-10B0-C01F-C8B3B9A1E18E}
downlevel_payload.8.0.50727.97.98CB24AD_52FB_DB5F_FF1F_C8B3B9A1E18E,{98CB1805-5BC5-DB5F-B01F-C8B3B9A1E18E}
downlevel_manifest.8.0.50727.99.98CB24AD_52FB_DB5F_FF1F_C8B3B9A1E18E,{98CB18A7-5B7D-DB5F-C01F-C8B3B9A1E18E}
downlevel_payload.8.0.50727.98.98CB24AD_52FB_DB5F_FF1F_C8B3B9A1E18E,{98CB1856-5BA1-DB5F-B01F-C8B3B9A1E18E}
downlevel_payload.8.0.50727.99.98CB24AD_52FB_DB5F_FF1F_C8B3B9A1E18E,{98CB18A7-5B7D-DB5F-B01F-C8B3B9A1E18E}
downlevel_manifest.8.0.50727.101.98CB24AD_52FB_DB5F_FF1F_C8B3B9A1E18E,{9C00AED1-EA89-10B1-C01F-C8B3B9A1E18E}
downlevel_manifest.8.0.50727.103.98CB24AD_52FB_DB5F_FF1F_C8B3B9A1E18E,{9BFEE17F-EB1D-10B3-C01F-C8B3B9A1E18E}
downlevel_payload.8.0.50727.100.98CB24AD_52FB_DB5F_FF1F_C8B3B9A1E18E,{9C01957A-EA3F-10B0-B01F-C8B3B9A1E18E}
downlevel_payload.8.0.50727.101.98CB24AD_52FB_DB5F_FF1F_C8B3B9A1E18E,{9C00AED1-EA89-10B1-B01F-C8B3B9A1E18E}
downlevel_manifest.8.0.50727.104.98CB24AD_52FB_DB5F_FF1F_C8B3B9A1E18E,{9BFDFAD6-EB67-10B4-C01F-C8B3B9A1E18E}
downlevel_manifest.8.0.50727.193.98CB24AD_52FB_DB5F_FF1F_C8B3B9A1E18E,{9BFEE458-E9D9-10B3-C01F-C8B3B9A1E18E}
downlevel_payload.8.0.50727.103.98CB24AD_52FB_DB5F_FF1F_C8B3B9A1E18E,{9BFEE17F-EB1D-10B3-B01F-C8B3B9A1E18E}
downlevel_payload.8.0.50727.104.98CB24AD_52FB_DB5F_FF1F_C8B3B9A1E18E,{9BFDFAD6-EB67-10B4-B01F-C8B3B9A1E18E}
downlevel_payload.8.0.50727.193.98CB24AD_52FB_DB5F_FF1F_C8B3B9A1E18E,{9BFEE458-E9D9-10B3-B01F-C8B3B9A1E18E}
